거래일자,시장ID,종목코드,종목명,시각,결제월,결제월번호,종가
"20250819","NDV","KR4101W90007","코스피200 F 202509","1800","202509","1","429.85"
"20250819","NDV","KR4101W90007","코스피200 F 202509","1801","202509","1","429.65"
"20250819","NDV","KR4101W90007","코스피200 F 202509","1802","202509","1","429.7"
"20250819","NDV","KR4101W90007","코스피200 F 202509","1803","202509","1","429.65"
"20250819","NDV","KR4101W90007","코스피200 F 202509","1804","202509","1","429.5"
"20250819","NDV","KR4101W90007","코스피200 F 202509","1805","202509","1","429.65"
"20250819","NDV","KR4101W90007","코스피200 F 202509","1806","202509","1","429.6"
"20250819","NDV","KR4101W90007","코스피200 F 202509","1807","202509","1","429.6"
"20250819","NDV","KR4101W90007","코스피200 F 202509","1808","202509","1","429.5"
"20250819","NDV","KR4101W90007","코스피200 F 202509","1809","202509","1","429.5"
"20250819","NDV","KR4101W90007","코스피200 F 202509","1810","202509","1","429.6"
"20250819","NDV","KR4101W90007","코스피200 F 202509","1811","202509","1","429.6"
"20250819","NDV","KR4101W90007","코스피200 F 202509","1812","202509","1","429.6"
"20250819","NDV","KR4101W90007","코스피200 F 202509","1813","202509","1","429.55"
"20250819","NDV","KR4101W90007","코스피200 F 202509","1814","202509","1","429.55"
"20250819","NDV","KR4101W90007","코스피200 F 202509","1815","202509","1","429.55"
"20250819","NDV","KR4101W90007","코스피200 F 202509","1816","202509","1","429.5"
"20250819","NDV","KR4101W90007","코스피200 F 202509","1817","202509","1","429.5"
"20250819","NDV","KR4101W90007","코스피200 F 202509","1818","202509","1","429.45"
"20250819","NDV","KR4101W90007","코스피200 F 202509","1819","202509","1","429.45"
"20250819","NDV","KR4101W90007","코스피200 F 202509","1820","202509","1","429.55"
"20250819","NDV","KR4101W90007","코스피200 F 202509","1821","202509","1","429.5"
"20250819","NDV","KR4101W90007","코스피200 F 202509","1822","202509","1","429.5"
"20250819","NDV","KR4101W90007","코스피200 F 202509","1823","202509","1","429.4"
"20250819","NDV","KR4101W90007","코스피200 F 202509","1824","202509","1","429.35"
"20250819","NDV","KR4101W90007","코스피200 F 202509","1825","202509","1","429.4"
"20250819","NDV","KR4101W90007","코스피200 F 202509","1826","202509","1","429.5"
"20250819","NDV","KR4101W90007","코스피200 F 202509","1827","202509","1","429.5"
"20250819","NDV","KR4101W90007","코스피200 F 202509","1828","202509","1","429.5"
"20250819","NDV","KR4101W90007","코스피200 F 202509","1829","202509","1","429.45"
"20250819","NDV","KR4101W90007","코스피200 F 202509","1830","202509","1","429.45"
"20250819","NDV","KR4101W90007","코스피200 F 202509","1831","202509","1","429.5"
"20250819","NDV","KR4101W90007","코스피200 F 202509","1832","202509","1","429.5"
"20250819","NDV","KR4101W90007","코스피200 F 202509","1833","202509","1","429.6"
"20250819","NDV","KR4101W90007","코스피200 F 202509","1834","202509","1","429.6"
"20250819","NDV","KR4101W90007","코스피200 F 202509","1835","202509","1","429.6"
"20250819","NDV","KR4101W90007","코스피200 F 202509","1836","202509","1","429.55"
"20250819","NDV","KR4101W90007","코스피200 F 202509","1837","202509","1","429.6"
"20250819","NDV","KR4101W90007","코스피200 F 202509","1838","202509","1","429.6"
"20250819","NDV","KR4101W90007","코스피200 F 202509","1839","202509","1","429.65"
"20250819","NDV","KR4101W90007","코스피200 F 202509","1840","202509","1","429.65"
"20250819","NDV","KR4101W90007","코스피200 F 202509","1841","202509","1","429.6"
"20250819","NDV","KR4101W90007","코스피200 F 202509","1842","202509","1","429.6"
"20250819","NDV","KR4101W90007","코스피200 F 202509","1843","202509","1","429.4"
"20250819","NDV","KR4101W90007","코스피200 F 202509","1844","202509","1","429.5"
"20250819","NDV","KR4101W90007","코스피200 F 202509","1845","202509","1","429.5"
"20250819","NDV","KR4101W90007","코스피200 F 202509","1846","202509","1","429.45"
"20250819","NDV","KR4101W90007","코스피200 F 202509","1847","202509","1","429.45"
"20250819","NDV","KR4101W90007","코스피200 F 202509","1849","202509","1","429.45"
"20250819","NDV","KR4101W90007","코스피200 F 202509","1850","202509","1","429.4"
"20250819","NDV","KR4101W90007","코스피200 F 202509","1851","202509","1","429.4"
"20250819","NDV","KR4101W90007","코스피200 F 202509","1852","202509","1","429.4"
"20250819","NDV","KR4101W90007","코스피200 F 202509","1853","202509","1","429.4"
"20250819","NDV","KR4101W90007","코스피200 F 202509","1854","202509","1","429.45"
"20250819","NDV","KR4101W90007","코스피200 F 202509","1855","202509","1","429.45"
"20250819","NDV","KR4101W90007","코스피200 F 202509","1856","202509","1","429.45"
"20250819","NDV","KR4101W90007","코스피200 F 202509","1858","202509","1","429.4"
"20250819","NDV","KR4101W90007","코스피200 F 202509","1859","202509","1","429.45"
"20250819","NDV","KR4101W90007","코스피200 F 202509","1900","202509","1","429.4"
"20250819","NDV","KR4101W90007","코스피200 F 202509","1902","202509","1","429.45"
"20250819","NDV","KR4101W90007","코스피200 F 202509","1903","202509","1","429.45"
"20250819","NDV","KR4101W90007","코스피200 F 202509","1904","202509","1","429.4"
"20250819","NDV","KR4101W90007","코스피200 F 202509","1905","202509","1","429.4"
"20250819","NDV","KR4101W90007","코스피200 F 202509","1907","202509","1","429.4"
"20250819","NDV","KR4101W90007","코스피200 F 202509","1908","202509","1","429.45"
"20250819","NDV","KR4101W90007","코스피200 F 202509","1909","202509","1","429.45"
"20250819","NDV","KR4101W90007","코스피200 F 202509","1910","202509","1","429.4"
"20250819","NDV","KR4101W90007","코스피200 F 202509","1911","202509","1","429.4"
"20250819","NDV","KR4101W90007","코스피200 F 202509","1913","202509","1","429.4"
"20250819","NDV","KR4101W90007","코스피200 F 202509","1914","202509","1","429.4"
"20250819","NDV","KR4101W90007","코스피200 F 202509","1915","202509","1","429.35"
"20250819","NDV","KR4101W90007","코스피200 F 202509","1917","202509","1","429.35"
"20250819","NDV","KR4101W90007","코스피200 F 202509","1918","202509","1","429.25"
"20250819","NDV","KR4101W90007","코스피200 F 202509","1919","202509","1","429.25"
"20250819","NDV","KR4101W90007","코스피200 F 202509","1920","202509","1","429.25"
"20250819","NDV","KR4101W90007","코스피200 F 202509","1921","202509","1","429.25"
"20250819","NDV","KR4101W90007","코스피200 F 202509","1922","202509","1","429.2"
"20250819","NDV","KR4101W90007","코스피200 F 202509","1923","202509","1","429.2"
"20250819","NDV","KR4101W90007","코스피200 F 202509","1924","202509","1","429.2"
"20250819","NDV","KR4101W90007","코스피200 F 202509","1925","202509","1","429.15"
"20250819","NDV","KR4101W90007","코스피200 F 202509","1926","202509","1","429.15"
"20250819","NDV","KR4101W90007","코스피200 F 202509","1927","202509","1","429.2"
"20250819","NDV","KR4101W90007","코스피200 F 202509","1928","202509","1","429.25"
"20250819","NDV","KR4101W90007","코스피200 F 202509","1929","202509","1","429.15"
"20250819","NDV","KR4101W90007","코스피200 F 202509","1930","202509","1","429.2"
"20250819","NDV","KR4101W90007","코스피200 F 202509","1931","202509","1","429.2"
"20250819","NDV","KR4101W90007","코스피200 F 202509","1932","202509","1","429.25"
"20250819","NDV","KR4101W90007","코스피200 F 202509","1933","202509","1","429.25"
"20250819","NDV","KR4101W90007","코스피200 F 202509","1934","202509","1","429.25"
"20250819","NDV","KR4101W90007","코스피200 F 202509","1935","202509","1","429.2"
"20250819","NDV","KR4101W90007","코스피200 F 202509","1936","202509","1","429.25"
"20250819","NDV","KR4101W90007","코스피200 F 202509","1937","202509","1","429.25"
"20250819","NDV","KR4101W90007","코스피200 F 202509","1938","202509","1","429.25"
"20250819","NDV","KR4101W90007","코스피200 F 202509","1940","202509","1","429.3"
"20250819","NDV","KR4101W90007","코스피200 F 202509","1941","202509","1","429.35"
"20250819","NDV","KR4101W90007","코스피200 F 202509","1942","202509","1","429.3"
"20250819","NDV","KR4101W90007","코스피200 F 202509","1943","202509","1","429.35"
"20250819","NDV","KR4101W90007","코스피200 F 202509","1944","202509","1","429.35"
"20250819","NDV","KR4101W90007","코스피200 F 202509","1945","202509","1","429.35"
"20250819","NDV","KR4101W90007","코스피200 F 202509","1946","202509","1","429.3"
"20250819","NDV","KR4101W90007","코스피200 F 202509","1949","202509","1","429.25"
"20250819","NDV","KR4101W90007","코스피200 F 202509","1950","202509","1","429.3"
"20250819","NDV","KR4101W90007","코스피200 F 202509","1952","202509","1","429.3"
"20250819","NDV","KR4101W90007","코스피200 F 202509","1953","202509","1","429.3"
"20250819","NDV","KR4101W90007","코스피200 F 202509","1954","202509","1","429.3"
"20250819","NDV","KR4101W90007","코스피200 F 202509","1955","202509","1","429.35"
"20250819","NDV","KR4101W90007","코스피200 F 202509","1956","202509","1","429.4"
"20250819","NDV","KR4101W90007","코스피200 F 202509","1957","202509","1","429.4"
"20250819","NDV","KR4101W90007","코스피200 F 202509","1959","202509","1","429.4"
"20250819","NDV","KR4101W90007","코스피200 F 202509","2000","202509","1","429.15"
"20250819","NDV","KR4101W90007","코스피200 F 202509","2001","202509","1","429.2"
"20250819","NDV","KR4101W90007","코스피200 F 202509","2002","202509","1","429.15"
"20250819","NDV","KR4101W90007","코스피200 F 202509","2003","202509","1","429.15"
"20250819","NDV","KR4101W90007","코스피200 F 202509","2004","202509","1","429.15"
"20250819","NDV","KR4101W90007","코스피200 F 202509","2005","202509","1","429.25"
"20250819","NDV","KR4101W90007","코스피200 F 202509","2006","202509","1","429.2"
"20250819","NDV","KR4101W90007","코스피200 F 202509","2007","202509","1","429.3"
"20250819","NDV","KR4101W90007","코스피200 F 202509","2008","202509","1","429.3"
"20250819","NDV","KR4101W90007","코스피200 F 202509","2009","202509","1","429.2"
"20250819","NDV","KR4101W90007","코스피200 F 202509","2010","202509","1","429.2"
"20250819","NDV","KR4101W90007","코스피200 F 202509","2012","202509","1","429.3"
"20250819","NDV","KR4101W90007","코스피200 F 202509","2013","202509","1","429.3"
"20250819","NDV","KR4101W90007","코스피200 F 202509","2018","202509","1","429.2"
"20250819","NDV","KR4101W90007","코스피200 F 202509","2019","202509","1","429.15"
"20250819","NDV","KR4101W90007","코스피200 F 202509","2020","202509","1","429.15"
"20250819","NDV","KR4101W90007","코스피200 F 202509","2021","202509","1","429.1"
"20250819","NDV","KR4101W90007","코스피200 F 202509","2022","202509","1","429.1"
"20250819","NDV","KR4101W90007","코스피200 F 202509","2023","202509","1","429.15"
"20250819","NDV","KR4101W90007","코스피200 F 202509","2024","202509","1","429.15"
"20250819","NDV","KR4101W90007","코스피200 F 202509","2025","202509","1","429.1"
"20250819","NDV","KR4101W90007","코스피200 F 202509","2027","202509","1","429.1"
"20250819","NDV","KR4101W90007","코스피200 F 202509","2028","202509","1","429.15"
"20250819","NDV","KR4101W90007","코스피200 F 202509","2029","202509","1","429.15"
"20250819","NDV","KR4101W90007","코스피200 F 202509","2030","202509","1","429.1"
"20250819","NDV","KR4101W90007","코스피200 F 202509","2031","202509","1","429.15"
"20250819","NDV","KR4101W90007","코스피200 F 202509","2032","202509","1","429.15"
"20250819","NDV","KR4101W90007","코스피200 F 202509","2035","202509","1","429.05"
"20250819","NDV","KR4101W90007","코스피200 F 202509","2037","202509","1","429"
"20250819","NDV","KR4101W90007","코스피200 F 202509","2038","202509","1","428.95"
"20250819","NDV","KR4101W90007","코스피200 F 202509","2039","202509","1","429"
"20250819","NDV","KR4101W90007","코스피200 F 202509","2040","202509","1","429"
"20250819","NDV","KR4101W90007","코스피200 F 202509","2041","202509","1","429"
"20250819","NDV","KR4101W90007","코스피200 F 202509","2042","202509","1","429"
"20250819","NDV","KR4101W90007","코스피200 F 202509","2044","202509","1","428.95"
"20250819","NDV","KR4101W90007","코스피200 F 202509","2045","202509","1","429"
"20250819","NDV","KR4101W90007","코스피200 F 202509","2046","202509","1","429.05"
"20250819","NDV","KR4101W90007","코스피200 F 202509","2047","202509","1","429.05"
"20250819","NDV","KR4101W90007","코스피200 F 202509","2048","202509","1","428.95"
"20250819","NDV","KR4101W90007","코스피200 F 202509","2049","202509","1","429"
"20250819","NDV","KR4101W90007","코스피200 F 202509","2050","202509","1","429"
"20250819","NDV","KR4101W90007","코스피200 F 202509","2051","202509","1","428.95"
"20250819","NDV","KR4101W90007","코스피200 F 202509","2053","202509","1","428.9"
"20250819","NDV","KR4101W90007","코스피200 F 202509","2054","202509","1","428.95"
"20250819","NDV","KR4101W90007","코스피200 F 202509","2055","202509","1","429"
"20250819","NDV","KR4101W90007","코스피200 F 202509","2057","202509","1","429.05"
"20250819","NDV","KR4101W90007","코스피200 F 202509","2058","202509","1","429.05"
"20250819","NDV","KR4101W90007","코스피200 F 202509","2059","202509","1","429.05"
"20250819","NDV","KR4101W90007","코스피200 F 202509","2100","202509","1","429.05"
"20250819","NDV","KR4101W90007","코스피200 F 202509","2101","202509","1","428.95"
"20250819","NDV","KR4101W90007","코스피200 F 202509","2102","202509","1","428.95"
"20250819","NDV","KR4101W90007","코스피200 F 202509","2103","202509","1","428.9"
"20250819","NDV","KR4101W90007","코스피200 F 202509","2104","202509","1","428.95"
"20250819","NDV","KR4101W90007","코스피200 F 202509","2105","202509","1","428.9"
"20250819","NDV","KR4101W90007","코스피200 F 202509","2106","202509","1","428.9"
"20250819","NDV","KR4101W90007","코스피200 F 202509","2107","202509","1","428.9"
"20250819","NDV","KR4101W90007","코스피200 F 202509","2108","202509","1","428.9"
"20250819","NDV","KR4101W90007","코스피200 F 202509","2109","202509","1","428.9"
"20250819","NDV","KR4101W90007","코스피200 F 202509","2110","202509","1","428.95"
"20250819","NDV","KR4101W90007","코스피200 F 202509","2111","202509","1","428.95"
"20250819","NDV","KR4101W90007","코스피200 F 202509","2112","202509","1","429"
"20250819","NDV","KR4101W90007","코스피200 F 202509","2113","202509","1","429"
"20250819","NDV","KR4101W90007","코스피200 F 202509","2114","202509","1","429.05"
"20250819","NDV","KR4101W90007","코스피200 F 202509","2115","202509","1","429"
"20250819","NDV","KR4101W90007","코스피200 F 202509","2118","202509","1","429"
"20250819","NDV","KR4101W90007","코스피200 F 202509","2120","202509","1","429"
"20250819","NDV","KR4101W90007","코스피200 F 202509","2121","202509","1","429"
"20250819","NDV","KR4101W90007","코스피200 F 202509","2122","202509","1","429"
"20250819","NDV","KR4101W90007","코스피200 F 202509","2123","202509","1","429"
"20250819","NDV","KR4101W90007","코스피200 F 202509","2124","202509","1","429"
"20250819","NDV","KR4101W90007","코스피200 F 202509","2125","202509","1","428.95"
"20250819","NDV","KR4101W90007","코스피200 F 202509","2126","202509","1","429"
"20250819","NDV","KR4101W90007","코스피200 F 202509","2127","202509","1","428.95"
"20250819","NDV","KR4101W90007","코스피200 F 202509","2128","202509","1","428.95"
"20250819","NDV","KR4101W90007","코스피200 F 202509","2130","202509","1","428.9"
"20250819","NDV","KR4101W90007","코스피200 F 202509","2131","202509","1","428.9"
"20250819","NDV","KR4101W90007","코스피200 F 202509","2132","202509","1","428.95"
"20250819","NDV","KR4101W90007","코스피200 F 202509","2133","202509","1","428.95"
"20250819","NDV","KR4101W90007","코스피200 F 202509","2134","202509","1","428.95"
"20250819","NDV","KR4101W90007","코스피200 F 202509","2139","202509","1","428.9"
"20250819","NDV","KR4101W90007","코스피200 F 202509","2140","202509","1","428.9"
"20250819","NDV","KR4101W90007","코스피200 F 202509","2141","202509","1","428.85"
"20250819","NDV","KR4101W90007","코스피200 F 202509","2142","202509","1","428.9"
"20250819","NDV","KR4101W90007","코스피200 F 202509","2143","202509","1","428.9"
"20250819","NDV","KR4101W90007","코스피200 F 202509","2144","202509","1","428.95"
"20250819","NDV","KR4101W90007","코스피200 F 202509","2145","202509","1","428.9"
"20250819","NDV","KR4101W90007","코스피200 F 202509","2146","202509","1","428.9"
"20250819","NDV","KR4101W90007","코스피200 F 202509","2147","202509","1","428.95"
"20250819","NDV","KR4101W90007","코스피200 F 202509","2149","202509","1","429.05"
"20250819","NDV","KR4101W90007","코스피200 F 202509","2150","202509","1","429.05"
"20250819","NDV","KR4101W90007","코스피200 F 202509","2151","202509","1","429.05"
"20250819","NDV","KR4101W90007","코스피200 F 202509","2153","202509","1","429"
"20250819","NDV","KR4101W90007","코스피200 F 202509","2154","202509","1","429.05"
"20250819","NDV","KR4101W90007","코스피200 F 202509","2155","202509","1","429.05"
"20250819","NDV","KR4101W90007","코스피200 F 202509","2156","202509","1","429.05"
"20250819","NDV","KR4101W90007","코스피200 F 202509","2158","202509","1","429"
"20250819","NDV","KR4101W90007","코스피200 F 202509","2159","202509","1","429.05"
"20250819","NDV","KR4101W90007","코스피200 F 202509","2200","202509","1","429.05"
"20250819","NDV","KR4101W90007","코스피200 F 202509","2201","202509","1","429.05"
"20250819","NDV","KR4101W90007","코스피200 F 202509","2202","202509","1","429.05"
"20250819","NDV","KR4101W90007","코스피200 F 202509","2203","202509","1","429.05"
"20250819","NDV","KR4101W90007","코스피200 F 202509","2204","202509","1","429"
"20250819","NDV","KR4101W90007","코스피200 F 202509","2205","202509","1","429.05"
"20250819","NDV","KR4101W90007","코스피200 F 202509","2206","202509","1","429.1"
"20250819","NDV","KR4101W90007","코스피200 F 202509","2207","202509","1","429.05"
"20250819","NDV","KR4101W90007","코스피200 F 202509","2208","202509","1","429.05"
"20250819","NDV","KR4101W90007","코스피200 F 202509","2209","202509","1","429"
"20250819","NDV","KR4101W90007","코스피200 F 202509","2212","202509","1","428.9"
"20250819","NDV","KR4101W90007","코스피200 F 202509","2213","202509","1","428.95"
"20250819","NDV","KR4101W90007","코스피200 F 202509","2214","202509","1","428.9"
"20250819","NDV","KR4101W90007","코스피200 F 202509","2216","202509","1","429"
"20250819","NDV","KR4101W90007","코스피200 F 202509","2217","202509","1","429"
"20250819","NDV","KR4101W90007","코스피200 F 202509","2218","202509","1","429"
"20250819","NDV","KR4101W90007","코스피200 F 202509","2219","202509","1","428.95"
"20250819","NDV","KR4101W90007","코스피200 F 202509","2220","202509","1","428.9"
"20250819","NDV","KR4101W90007","코스피200 F 202509","2221","202509","1","428.95"
"20250819","NDV","KR4101W90007","코스피200 F 202509","2222","202509","1","428.95"
"20250819","NDV","KR4101W90007","코스피200 F 202509","2223","202509","1","428.95"
"20250819","NDV","KR4101W90007","코스피200 F 202509","2224","202509","1","428.9"
"20250819","NDV","KR4101W90007","코스피200 F 202509","2225","202509","1","428.95"
"20250819","NDV","KR4101W90007","코스피200 F 202509","2226","202509","1","428.95"
"20250819","NDV","KR4101W90007","코스피200 F 202509","2227","202509","1","429"
"20250819","NDV","KR4101W90007","코스피200 F 202509","2228","202509","1","428.95"
"20250819","NDV","KR4101W90007","코스피200 F 202509","2229","202509","1","428.95"
"20250819","NDV","KR4101W90007","코스피200 F 202509","2230","202509","1","429.1"
"20250819","NDV","KR4101W90007","코스피200 F 202509","2231","202509","1","429"
"20250819","NDV","KR4101W90007","코스피200 F 202509","2232","202509","1","429"
"20250819","NDV","KR4101W90007","코스피200 F 202509","2233","202509","1","429.05"
"20250819","NDV","KR4101W90007","코스피200 F 202509","2234","202509","1","429.2"
"20250819","NDV","KR4101W90007","코스피200 F 202509","2235","202509","1","429.15"
"20250819","NDV","KR4101W90007","코스피200 F 202509","2236","202509","1","429.15"
"20250819","NDV","KR4101W90007","코스피200 F 202509","2237","202509","1","429.05"
"20250819","NDV","KR4101W90007","코스피200 F 202509","2238","202509","1","429"
"20250819","NDV","KR4101W90007","코스피200 F 202509","2239","202509","1","429.1"
"20250819","NDV","KR4101W90007","코스피200 F 202509","2240","202509","1","429.1"
"20250819","NDV","KR4101W90007","코스피200 F 202509","2241","202509","1","429.05"
"20250819","NDV","KR4101W90007","코스피200 F 202509","2242","202509","1","428.95"
"20250819","NDV","KR4101W90007","코스피200 F 202509","2243","202509","1","429.05"
"20250819","NDV","KR4101W90007","코스피200 F 202509","2244","202509","1","429.05"
"20250819","NDV","KR4101W90007","코스피200 F 202509","2245","202509","1","429.05"
"20250819","NDV","KR4101W90007","코스피200 F 202509","2246","202509","1","429.15"
"20250819","NDV","KR4101W90007","코스피200 F 202509","2247","202509","1","429.2"
"20250819","NDV","KR4101W90007","코스피200 F 202509","2248","202509","1","429.25"
"20250819","NDV","KR4101W90007","코스피200 F 202509","2249","202509","1","429.2"
"20250819","NDV","KR4101W90007","코스피200 F 202509","2250","202509","1","429.15"
"20250819","NDV","KR4101W90007","코스피200 F 202509","2251","202509","1","429.05"
"20250819","NDV","KR4101W90007","코스피200 F 202509","2252","202509","1","429.05"
"20250819","NDV","KR4101W90007","코스피200 F 202509","2253","202509","1","429.05"
"20250819","NDV","KR4101W90007","코스피200 F 202509","2254","202509","1","429.05"
"20250819","NDV","KR4101W90007","코스피200 F 202509","2255","202509","1","429.05"
"20250819","NDV","KR4101W90007","코스피200 F 202509","2256","202509","1","429"
"20250819","NDV","KR4101W90007","코스피200 F 202509","2257","202509","1","429.05"
"20250819","NDV","KR4101W90007","코스피200 F 202509","2258","202509","1","428.85"
"20250819","NDV","KR4101W90007","코스피200 F 202509","2259","202509","1","428.9"
"20250819","NDV","KR4101W90007","코스피200 F 202509","2300","202509","1","428.85"
"20250819","NDV","KR4101W90007","코스피200 F 202509","2301","202509","1","429"
"20250819","NDV","KR4101W90007","코스피200 F 202509","2302","202509","1","428.95"
"20250819","NDV","KR4101W90007","코스피200 F 202509","2303","202509","1","429.15"
"20250819","NDV","KR4101W90007","코스피200 F 202509","2304","202509","1","429.1"
"20250819","NDV","KR4101W90007","코스피200 F 202509","2305","202509","1","429.15"
"20250819","NDV","KR4101W90007","코스피200 F 202509","2306","202509","1","429.15"
"20250819","NDV","KR4101W90007","코스피200 F 202509","2307","202509","1","429.25"
"20250819","NDV","KR4101W90007","코스피200 F 202509","2308","202509","1","429.1"
"20250819","NDV","KR4101W90007","코스피200 F 202509","2309","202509","1","429.2"
"20250819","NDV","KR4101W90007","코스피200 F 202509","2310","202509","1","429.2"
"20250819","NDV","KR4101W90007","코스피200 F 202509","2311","202509","1","429.2"
"20250819","NDV","KR4101W90007","코스피200 F 202509","2312","202509","1","429.15"
"20250819","NDV","KR4101W90007","코스피200 F 202509","2313","202509","1","429.25"
"20250819","NDV","KR4101W90007","코스피200 F 202509","2314","202509","1","429.25"
"20250819","NDV","KR4101W90007","코스피200 F 202509","2315","202509","1","429.2"
"20250819","NDV","KR4101W90007","코스피200 F 202509","2316","202509","1","429.35"
"20250819","NDV","KR4101W90007","코스피200 F 202509","2317","202509","1","429.4"
"20250819","NDV","KR4101W90007","코스피200 F 202509","2318","202509","1","429.4"
"20250819","NDV","KR4101W90007","코스피200 F 202509","2319","202509","1","429.35"
"20250819","NDV","KR4101W90007","코스피200 F 202509","2320","202509","1","429.45"
"20250819","NDV","KR4101W90007","코스피200 F 202509","2321","202509","1","429.5"
"20250819","NDV","KR4101W90007","코스피200 F 202509","2322","202509","1","429.6"
"20250819","NDV","KR4101W90007","코스피200 F 202509","2323","202509","1","429.6"
"20250819","NDV","KR4101W90007","코스피200 F 202509","2324","202509","1","429.75"
"20250819","NDV","KR4101W90007","코스피200 F 202509","2325","202509","1","429.7"
"20250819","NDV","KR4101W90007","코스피200 F 202509","2326","202509","1","429.7"
"20250819","NDV","KR4101W90007","코스피200 F 202509","2327","202509","1","429.65"
"20250819","NDV","KR4101W90007","코스피200 F 202509","2328","202509","1","429.55"
"20250819","NDV","KR4101W90007","코스피200 F 202509","2329","202509","1","429.4"
"20250819","NDV","KR4101W90007","코스피200 F 202509","2330","202509","1","429.3"
"20250819","NDV","KR4101W90007","코스피200 F 202509","2331","202509","1","429.35"
"20250819","NDV","KR4101W90007","코스피200 F 202509","2332","202509","1","429.35"
"20250819","NDV","KR4101W90007","코스피200 F 202509","2333","202509","1","429.35"
"20250819","NDV","KR4101W90007","코스피200 F 202509","2334","202509","1","429.4"
"20250819","NDV","KR4101W90007","코스피200 F 202509","2335","202509","1","429.35"
"20250819","NDV","KR4101W90007","코스피200 F 202509","2336","202509","1","429.35"
"20250819","NDV","KR4101W90007","코스피200 F 202509","2337","202509","1","429.4"
"20250819","NDV","KR4101W90007","코스피200 F 202509","2338","202509","1","429.4"
"20250819","NDV","KR4101W90007","코스피200 F 202509","2339","202509","1","429.35"
"20250819","NDV","KR4101W90007","코스피200 F 202509","2340","202509","1","429.35"
"20250819","NDV","KR4101W90007","코스피200 F 202509","2341","202509","1","429.45"
"20250819","NDV","KR4101W90007","코스피200 F 202509","2342","202509","1","429.4"
"20250819","NDV","KR4101W90007","코스피200 F 202509","2344","202509","1","429.3"
"20250819","NDV","KR4101W90007","코스피200 F 202509","2345","202509","1","429.3"
"20250819","NDV","KR4101W90007","코스피200 F 202509","2346","202509","1","429.1"
"20250819","NDV","KR4101W90007","코스피200 F 202509","2347","202509","1","428.95"
"20250819","NDV","KR4101W90007","코스피200 F 202509","2348","202509","1","429"
"20250819","NDV","KR4101W90007","코스피200 F 202509","2349","202509","1","429.15"
"20250819","NDV","KR4101W90007","코스피200 F 202509","2350","202509","1","429.15"
"20250819","NDV","KR4101W90007","코스피200 F 202509","2351","202509","1","429.15"
"20250819","NDV","KR4101W90007","코스피200 F 202509","2352","202509","1","429.3"
"20250819","NDV","KR4101W90007","코스피200 F 202509","2353","202509","1","429.35"
"20250819","NDV","KR4101W90007","코스피200 F 202509","2354","202509","1","429.35"
"20250819","NDV","KR4101W90007","코스피200 F 202509","2355","202509","1","429.35"
"20250819","NDV","KR4101W90007","코스피200 F 202509","2356","202509","1","429.3"
"20250819","NDV","KR4101W90007","코스피200 F 202509","2357","202509","1","429.4"
"20250819","NDV","KR4101W90007","코스피200 F 202509","2358","202509","1","429.4"
"20250819","NDV","KR4101W90007","코스피200 F 202509","2359","202509","1","429.55"
"20250819","NDV","KR4101W90007","코스피200 F 202509","0000","202509","1","429.55"
"20250819","NDV","KR4101W90007","코스피200 F 202509","0001","202509","1","429.6"
"20250819","NDV","KR4101W90007","코스피200 F 202509","0002","202509","1","429.6"
"20250819","NDV","KR4101W90007","코스피200 F 202509","0003","202509","1","429.5"
"20250819","NDV","KR4101W90007","코스피200 F 202509","0004","202509","1","429.5"
"20250819","NDV","KR4101W90007","코스피200 F 202509","0005","202509","1","429.5"
"20250819","NDV","KR4101W90007","코스피200 F 202509","0006","202509","1","429.45"
"20250819","NDV","KR4101W90007","코스피200 F 202509","0007","202509","1","429.5"
"20250819","NDV","KR4101W90007","코스피200 F 202509","0008","202509","1","429.45"
"20250819","NDV","KR4101W90007","코스피200 F 202509","0009","202509","1","429.45"
"20250819","NDV","KR4101W90007","코스피200 F 202509","0010","202509","1","429.3"
"20250819","NDV","KR4101W90007","코스피200 F 202509","0011","202509","1","429.35"
"20250819","NDV","KR4101W90007","코스피200 F 202509","0012","202509","1","429.3"
"20250819","NDV","KR4101W90007","코스피200 F 202509","0013","202509","1","429.2"
"20250819","NDV","KR4101W90007","코스피200 F 202509","0014","202509","1","429.15"
"20250819","NDV","KR4101W90007","코스피200 F 202509","0015","202509","1","429.1"
"20250819","NDV","KR4101W90007","코스피200 F 202509","0016","202509","1","429.05"
"20250819","NDV","KR4101W90007","코스피200 F 202509","0017","202509","1","429.15"
"20250819","NDV","KR4101W90007","코스피200 F 202509","0018","202509","1","429.15"
"20250819","NDV","KR4101W90007","코스피200 F 202509","0019","202509","1","429.2"
"20250819","NDV","KR4101W90007","코스피200 F 202509","0020","202509","1","429.2"
"20250819","NDV","KR4101W90007","코스피200 F 202509","0021","202509","1","429.35"
"20250819","NDV","KR4101W90007","코스피200 F 202509","0022","202509","1","429.4"
"20250819","NDV","KR4101W90007","코스피200 F 202509","0023","202509","1","429.4"
"20250819","NDV","KR4101W90007","코스피200 F 202509","0024","202509","1","429.4"
"20250819","NDV","KR4101W90007","코스피200 F 202509","0025","202509","1","429.35"
"20250819","NDV","KR4101W90007","코스피200 F 202509","0026","202509","1","429.35"
"20250819","NDV","KR4101W90007","코스피200 F 202509","0027","202509","1","429.4"
"20250819","NDV","KR4101W90007","코스피200 F 202509","0028","202509","1","429.35"
"20250819","NDV","KR4101W90007","코스피200 F 202509","0029","202509","1","429.35"
"20250819","NDV","KR4101W90007","코스피200 F 202509","0031","202509","1","429.3"
"20250819","NDV","KR4101W90007","코스피200 F 202509","0032","202509","1","429.25"
"20250819","NDV","KR4101W90007","코스피200 F 202509","0033","202509","1","429.25"
"20250819","NDV","KR4101W90007","코스피200 F 202509","0034","202509","1","429.25"
"20250819","NDV","KR4101W90007","코스피200 F 202509","0035","202509","1","429.25"
"20250819","NDV","KR4101W90007","코스피200 F 202509","0036","202509","1","429.25"
"20250819","NDV","KR4101W90007","코스피200 F 202509","0037","202509","1","429.3"
"20250819","NDV","KR4101W90007","코스피200 F 202509","0038","202509","1","429.5"
"20250819","NDV","KR4101W90007","코스피200 F 202509","0039","202509","1","429.5"
"20250819","NDV","KR4101W90007","코스피200 F 202509","0040","202509","1","429.5"
"20250819","NDV","KR4101W90007","코스피200 F 202509","0041","202509","1","429.5"
"20250819","NDV","KR4101W90007","코스피200 F 202509","0043","202509","1","429.45"
"20250819","NDV","KR4101W90007","코스피200 F 202509","0044","202509","1","429.5"
"20250819","NDV","KR4101W90007","코스피200 F 202509","0045","202509","1","429.6"
"20250819","NDV","KR4101W90007","코스피200 F 202509","0046","202509","1","429.55"
"20250819","NDV","KR4101W90007","코스피200 F 202509","0047","202509","1","429.65"
"20250819","NDV","KR4101W90007","코스피200 F 202509","0048","202509","1","429.65"
"20250819","NDV","KR4101W90007","코스피200 F 202509","0049","202509","1","429.6"
"20250819","NDV","KR4101W90007","코스피200 F 202509","0051","202509","1","429.55"
"20250819","NDV","KR4101W90007","코스피200 F 202509","0053","202509","1","429.55"
"20250819","NDV","KR4101W90007","코스피200 F 202509","0054","202509","1","429.55"
"20250819","NDV","KR4101W90007","코스피200 F 202509","0055","202509","1","429.45"
"20250819","NDV","KR4101W90007","코스피200 F 202509","0056","202509","1","429.5"
"20250819","NDV","KR4101W90007","코스피200 F 202509","0058","202509","1","429.55"
"20250819","NDV","KR4101W90007","코스피200 F 202509","0100","202509","1","429.55"
"20250819","NDV","KR4101W90007","코스피200 F 202509","0101","202509","1","429.55"
"20250819","NDV","KR4101W90007","코스피200 F 202509","0102","202509","1","429.65"
"20250819","NDV","KR4101W90007","코스피200 F 202509","0103","202509","1","429.6"
"20250819","NDV","KR4101W90007","코스피200 F 202509","0104","202509","1","429.6"
"20250819","NDV","KR4101W90007","코스피200 F 202509","0107","202509","1","429.6"
"20250819","NDV","KR4101W90007","코스피200 F 202509","0108","202509","1","429.55"
"20250819","NDV","KR4101W90007","코스피200 F 202509","0109","202509","1","429.7"
"20250819","NDV","KR4101W90007","코스피200 F 202509","0110","202509","1","429.7"
"20250819","NDV","KR4101W90007","코스피200 F 202509","0111","202509","1","429.7"
"20250819","NDV","KR4101W90007","코스피200 F 202509","0112","202509","1","429.65"
"20250819","NDV","KR4101W90007","코스피200 F 202509","0113","202509","1","429.65"
"20250819","NDV","KR4101W90007","코스피200 F 202509","0114","202509","1","429.6"
"20250819","NDV","KR4101W90007","코스피200 F 202509","0115","202509","1","429.65"
"20250819","NDV","KR4101W90007","코스피200 F 202509","0116","202509","1","429.6"
"20250819","NDV","KR4101W90007","코스피200 F 202509","0117","202509","1","429.65"
"20250819","NDV","KR4101W90007","코스피200 F 202509","0121","202509","1","429.7"
"20250819","NDV","KR4101W90007","코스피200 F 202509","0122","202509","1","429.7"
"20250819","NDV","KR4101W90007","코스피200 F 202509","0124","202509","1","429.75"
"20250819","NDV","KR4101W90007","코스피200 F 202509","0125","202509","1","429.75"
"20250819","NDV","KR4101W90007","코스피200 F 202509","0128","202509","1","429.65"
"20250819","NDV","KR4101W90007","코스피200 F 202509","0129","202509","1","429.65"
"20250819","NDV","KR4101W90007","코스피200 F 202509","0130","202509","1","429.65"
"20250819","NDV","KR4101W90007","코스피200 F 202509","0133","202509","1","429.55"
"20250819","NDV","KR4101W90007","코스피200 F 202509","0134","202509","1","429.45"
"20250819","NDV","KR4101W90007","코스피200 F 202509","0135","202509","1","429.45"
"20250819","NDV","KR4101W90007","코스피200 F 202509","0136","202509","1","429.35"
"20250819","NDV","KR4101W90007","코스피200 F 202509","0137","202509","1","429.3"
"20250819","NDV","KR4101W90007","코스피200 F 202509","0138","202509","1","429.4"
"20250819","NDV","KR4101W90007","코스피200 F 202509","0140","202509","1","429.4"
"20250819","NDV","KR4101W90007","코스피200 F 202509","0141","202509","1","429.45"
"20250819","NDV","KR4101W90007","코스피200 F 202509","0142","202509","1","429.35"
"20250819","NDV","KR4101W90007","코스피200 F 202509","0143","202509","1","429.35"
"20250819","NDV","KR4101W90007","코스피200 F 202509","0144","202509","1","429.35"
"20250819","NDV","KR4101W90007","코스피200 F 202509","0146","202509","1","429.25"
"20250819","NDV","KR4101W90007","코스피200 F 202509","0147","202509","1","429.2"
"20250819","NDV","KR4101W90007","코스피200 F 202509","0148","202509","1","429.1"
"20250819","NDV","KR4101W90007","코스피200 F 202509","0149","202509","1","429.15"
"20250819","NDV","KR4101W90007","코스피200 F 202509","0150","202509","1","429.3"
"20250819","NDV","KR4101W90007","코스피200 F 202509","0151","202509","1","429.25"
"20250819","NDV","KR4101W90007","코스피200 F 202509","0152","202509","1","429.2"
"20250819","NDV","KR4101W90007","코스피200 F 202509","0153","202509","1","429.2"
"20250819","NDV","KR4101W90007","코스피200 F 202509","0154","202509","1","429.25"
"20250819","NDV","KR4101W90007","코스피200 F 202509","0156","202509","1","429.2"
"20250819","NDV","KR4101W90007","코스피200 F 202509","0159","202509","1","429.2"
"20250819","NDV","KR4101W90007","코스피200 F 202509","0200","202509","1","429.25"
"20250819","NDV","KR4101W90007","코스피200 F 202509","0204","202509","1","429.3"
"20250819","NDV","KR4101W90007","코스피200 F 202509","0205","202509","1","429.3"
"20250819","NDV","KR4101W90007","코스피200 F 202509","0207","202509","1","429.35"
"20250819","NDV","KR4101W90007","코스피200 F 202509","0208","202509","1","429.3"
"20250819","NDV","KR4101W90007","코스피200 F 202509","0210","202509","1","429.35"
"20250819","NDV","KR4101W90007","코스피200 F 202509","0211","202509","1","429.5"
"20250819","NDV","KR4101W90007","코스피200 F 202509","0212","202509","1","429.55"
"20250819","NDV","KR4101W90007","코스피200 F 202509","0213","202509","1","429.6"
"20250819","NDV","KR4101W90007","코스피200 F 202509","0215","202509","1","429.6"
"20250819","NDV","KR4101W90007","코스피200 F 202509","0218","202509","1","429.55"
"20250819","NDV","KR4101W90007","코스피200 F 202509","0220","202509","1","429.55"
"20250819","NDV","KR4101W90007","코스피200 F 202509","0222","202509","1","429.6"
"20250819","NDV","KR4101W90007","코스피200 F 202509","0223","202509","1","429.6"
"20250819","NDV","KR4101W90007","코스피200 F 202509","0224","202509","1","429.6"
"20250819","NDV","KR4101W90007","코스피200 F 202509","0225","202509","1","429.65"
"20250819","NDV","KR4101W90007","코스피200 F 202509","0228","202509","1","429.7"
"20250819","NDV","KR4101W90007","코스피200 F 202509","0229","202509","1","429.7"
"20250819","NDV","KR4101W90007","코스피200 F 202509","0230","202509","1","429.75"
"20250819","NDV","KR4101W90007","코스피200 F 202509","0231","202509","1","429.9"
"20250819","NDV","KR4101W90007","코스피200 F 202509","0232","202509","1","429.85"
"20250819","NDV","KR4101W90007","코스피200 F 202509","0233","202509","1","429.8"
"20250819","NDV","KR4101W90007","코스피200 F 202509","0234","202509","1","429.75"
"20250819","NDV","KR4101W90007","코스피200 F 202509","0235","202509","1","429.7"
"20250819","NDV","KR4101W90007","코스피200 F 202509","0236","202509","1","429.7"
"20250819","NDV","KR4101W90007","코스피200 F 202509","0237","202509","1","429.7"
"20250819","NDV","KR4101W90007","코스피200 F 202509","0238","202509","1","429.7"
"20250819","NDV","KR4101W90007","코스피200 F 202509","0239","202509","1","429.65"
"20250819","NDV","KR4101W90007","코스피200 F 202509","0240","202509","1","429.65"
"20250819","NDV","KR4101W90007","코스피200 F 202509","0241","202509","1","429.65"
"20250819","NDV","KR4101W90007","코스피200 F 202509","0242","202509","1","429.65"
"20250819","NDV","KR4101W90007","코스피200 F 202509","0243","202509","1","429.65"
"20250819","NDV","KR4101W90007","코스피200 F 202509","0244","202509","1","429.65"
"20250819","NDV","KR4101W90007","코스피200 F 202509","0245","202509","1","429.65"
"20250819","NDV","KR4101W90007","코스피200 F 202509","0246","202509","1","429.7"
"20250819","NDV","KR4101W90007","코스피200 F 202509","0247","202509","1","429.7"
"20250819","NDV","KR4101W90007","코스피200 F 202509","0248","202509","1","429.7"
"20250819","NDV","KR4101W90007","코스피200 F 202509","0249","202509","1","429.65"
"20250819","NDV","KR4101W90007","코스피200 F 202509","0250","202509","1","429.65"
"20250819","NDV","KR4101W90007","코스피200 F 202509","0251","202509","1","429.65"
"20250819","NDV","KR4101W90007","코스피200 F 202509","0254","202509","1","429.6"
"20250819","NDV","KR4101W90007","코스피200 F 202509","0255","202509","1","429.6"
"20250819","NDV","KR4101W90007","코스피200 F 202509","0258","202509","1","429.6"
"20250819","NDV","KR4101W90007","코스피200 F 202509","0300","202509","1","429.55"
"20250819","NDV","KR4101W90007","코스피200 F 202509","0305","202509","1","429.6"
"20250819","NDV","KR4101W90007","코스피200 F 202509","0306","202509","1","429.65"
"20250819","NDV","KR4101W90007","코스피200 F 202509","0307","202509","1","429.65"
"20250819","NDV","KR4101W90007","코스피200 F 202509","0308","202509","1","429.65"
"20250819","NDV","KR4101W90007","코스피200 F 202509","0309","202509","1","429.65"
"20250819","NDV","KR4101W90007","코스피200 F 202509","0310","202509","1","429.7"
"20250819","NDV","KR4101W90007","코스피200 F 202509","0312","202509","1","429.65"
"20250819","NDV","KR4101W90007","코스피200 F 202509","0315","202509","1","429.65"
"20250819","NDV","KR4101W90007","코스피200 F 202509","0317","202509","1","429.65"
"20250819","NDV","KR4101W90007","코스피200 F 202509","0320","202509","1","429.65"
"20250819","NDV","KR4101W90007","코스피200 F 202509","0322","202509","1","429.7"
"20250819","NDV","KR4101W90007","코스피200 F 202509","0323","202509","1","429.7"
"20250819","NDV","KR4101W90007","코스피200 F 202509","0325","202509","1","429.75"
"20250819","NDV","KR4101W90007","코스피200 F 202509","0327","202509","1","429.8"
"20250819","NDV","KR4101W90007","코스피200 F 202509","0328","202509","1","429.75"
"20250819","NDV","KR4101W90007","코스피200 F 202509","0329","202509","1","429.75"
"20250819","NDV","KR4101W90007","코스피200 F 202509","0331","202509","1","429.8"
"20250819","NDV","KR4101W90007","코스피200 F 202509","0332","202509","1","429.8"
"20250819","NDV","KR4101W90007","코스피200 F 202509","0333","202509","1","429.8"
"20250819","NDV","KR4101W90007","코스피200 F 202509","0336","202509","1","429.8"
"20250819","NDV","KR4101W90007","코스피200 F 202509","0338","202509","1","429.8"
"20250819","NDV","KR4101W90007","코스피200 F 202509","0340","202509","1","429.75"
"20250819","NDV","KR4101W90007","코스피200 F 202509","0342","202509","1","429.75"
"20250819","NDV","KR4101W90007","코스피200 F 202509","0343","202509","1","429.8"
"20250819","NDV","KR4101W90007","코스피200 F 202509","0344","202509","1","429.8"
"20250819","NDV","KR4101W90007","코스피200 F 202509","0346","202509","1","429.85"
"20250819","NDV","KR4101W90007","코스피200 F 202509","0347","202509","1","429.85"
"20250819","NDV","KR4101W90007","코스피200 F 202509","0348","202509","1","429.8"
"20250819","NDV","KR4101W90007","코스피200 F 202509","0349","202509","1","429.75"
"20250819","NDV","KR4101W90007","코스피200 F 202509","0350","202509","1","429.8"
"20250819","NDV","KR4101W90007","코스피200 F 202509","0351","202509","1","429.85"
"20250819","NDV","KR4101W90007","코스피200 F 202509","0352","202509","1","429.8"
"20250819","NDV","KR4101W90007","코스피200 F 202509","0353","202509","1","429.85"
"20250819","NDV","KR4101W90007","코스피200 F 202509","0354","202509","1","429.85"
"20250819","NDV","KR4101W90007","코스피200 F 202509","0355","202509","1","429.9"
"20250819","NDV","KR4101W90007","코스피200 F 202509","0356","202509","1","429.95"
"20250819","NDV","KR4101W90007","코스피200 F 202509","0359","202509","1","429.85"
"20250819","NDV","KR4101W90007","코스피200 F 202509","0401","202509","1","429.85"
"20250819","NDV","KR4101W90007","코스피200 F 202509","0402","202509","1","429.9"
"20250819","NDV","KR4101W90007","코스피200 F 202509","0403","202509","1","429.95"
"20250819","NDV","KR4101W90007","코스피200 F 202509","0404","202509","1","429.9"
"20250819","NDV","KR4101W90007","코스피200 F 202509","0405","202509","1","429.9"
"20250819","NDV","KR4101W90007","코스피200 F 202509","0406","202509","1","429.9"
"20250819","NDV","KR4101W90007","코스피200 F 202509","0408","202509","1","429.9"
"20250819","NDV","KR4101W90007","코스피200 F 202509","0409","202509","1","429.9"
"20250819","NDV","KR4101W90007","코스피200 F 202509","0410","202509","1","429.95"
"20250819","NDV","KR4101W90007","코스피200 F 202509","0411","202509","1","429.9"
"20250819","NDV","KR4101W90007","코스피200 F 202509","0414","202509","1","429.85"
"20250819","NDV","KR4101W90007","코스피200 F 202509","0415","202509","1","429.9"
"20250819","NDV","KR4101W90007","코스피200 F 202509","0416","202509","1","429.95"
"20250819","NDV","KR4101W90007","코스피200 F 202509","0417","202509","1","429.85"
"20250819","NDV","KR4101W90007","코스피200 F 202509","0418","202509","1","429.9"
"20250819","NDV","KR4101W90007","코스피200 F 202509","0422","202509","1","429.95"
"20250819","NDV","KR4101W90007","코스피200 F 202509","0423","202509","1","429.95"
"20250819","NDV","KR4101W90007","코스피200 F 202509","0426","202509","1","429.9"
"20250819","NDV","KR4101W90007","코스피200 F 202509","0427","202509","1","429.9"
"20250819","NDV","KR4101W90007","코스피200 F 202509","0428","202509","1","429.9"
"20250819","NDV","KR4101W90007","코스피200 F 202509","0430","202509","1","429.85"
"20250819","NDV","KR4101W90007","코스피200 F 202509","0432","202509","1","429.85"
"20250819","NDV","KR4101W90007","코스피200 F 202509","0433","202509","1","429.9"
"20250819","NDV","KR4101W90007","코스피200 F 202509","0434","202509","1","429.85"
"20250819","NDV","KR4101W90007","코스피200 F 202509","0435","202509","1","429.9"
"20250819","NDV","KR4101W90007","코스피200 F 202509","0436","202509","1","429.9"
"20250819","NDV","KR4101W90007","코스피200 F 202509","0437","202509","1","429.9"
"20250819","NDV","KR4101W90007","코스피200 F 202509","0438","202509","1","429.9"
"20250819","NDV","KR4101W90007","코스피200 F 202509","0440","202509","1","429.9"
"20250819","NDV","KR4101W90007","코스피200 F 202509","0441","202509","1","429.9"
"20250819","NDV","KR4101W90007","코스피200 F 202509","0442","202509","1","429.9"
"20250819","NDV","KR4101W90007","코스피200 F 202509","0444","202509","1","429.9"
"20250819","NDV","KR4101W90007","코스피200 F 202509","0445","202509","1","429.95"
"20250819","NDV","KR4101W90007","코스피200 F 202509","0446","202509","1","429.95"
"20250819","NDV","KR4101W90007","코스피200 F 202509","0448","202509","1","429.95"
"20250819","NDV","KR4101W90007","코스피200 F 202509","0450","202509","1","430"
"20250819","NDV","KR4101W90007","코스피200 F 202509","0451","202509","1","430"
"20250819","NDV","KR4101W90007","코스피200 F 202509","0452","202509","1","429.95"
"20250819","NDV","KR4101W90007","코스피200 F 202509","0453","202509","1","429.95"
"20250819","NDV","KR4101W90007","코스피200 F 202509","0454","202509","1","430"
"20250819","NDV","KR4101W90007","코스피200 F 202509","0455","202509","1","430.05"
"20250819","NDV","KR4101W90007","코스피200 F 202509","0456","202509","1","430.05"
"20250819","NDV","KR4101W90007","코스피200 F 202509","0457","202509","1","430.15"
"20250819","NDV","KR4101W90007","코스피200 F 202509","0458","202509","1","430.1"
"20250819","NDV","KR4101W90007","코스피200 F 202509","0459","202509","1","430.1"
"20250819","NDV","KR4101W90007","코스피200 F 202509","0500","202509","1","430.05"
"20250819","NDV","KR4101W90007","코스피200 F 202509","0501","202509","1","430"
"20250819","NDV","KR4101W90007","코스피200 F 202509","0502","202509","1","430"
"20250819","NDV","KR4101W90007","코스피200 F 202509","0504","202509","1","430"
"20250819","NDV","KR4101W90007","코스피200 F 202509","0505","202509","1","430"
"20250819","NDV","KR4101W90007","코스피200 F 202509","0506","202509","1","430"
"20250819","NDV","KR4101W90007","코스피200 F 202509","0507","202509","1","430"
"20250819","NDV","KR4101W90007","코스피200 F 202509","0508","202509","1","430.05"
"20250819","NDV","KR4101W90007","코스피200 F 202509","0509","202509","1","430.05"
"20250819","NDV","KR4101W90007","코스피200 F 202509","0511","202509","1","430.05"
"20250819","NDV","KR4101W90007","코스피200 F 202509","0512","202509","1","430"
"20250819","NDV","KR4101W90007","코스피200 F 202509","0514","202509","1","430"
"20250819","NDV","KR4101W90007","코스피200 F 202509","0517","202509","1","430"
"20250819","NDV","KR4101W90007","코스피200 F 202509","0523","202509","1","430.05"
"20250819","NDV","KR4101W90007","코스피200 F 202509","0524","202509","1","430.05"
"20250819","NDV","KR4101W90007","코스피200 F 202509","0529","202509","1","430.05"
"20250819","NDV","KR4101W90007","코스피200 F 202509","0530","202509","1","430.05"
"20250819","NDV","KR4101W90007","코스피200 F 202509","0532","202509","1","430.05"
"20250819","NDV","KR4101W90007","코스피200 F 202509","0533","202509","1","430.05"
"20250819","NDV","KR4101W90007","코스피200 F 202509","0535","202509","1","430.05"
"20250819","NDV","KR4101W90007","코스피200 F 202509","0540","202509","1","430.15"
"20250819","NDV","KR4101W90007","코스피200 F 202509","0541","202509","1","430.1"
"20250819","NDV","KR4101W90007","코스피200 F 202509","0542","202509","1","430.1"
"20250819","NDV","KR4101W90007","코스피200 F 202509","0543","202509","1","430.1"
"20250819","NDV","KR4101W90007","코스피200 F 202509","0544","202509","1","430.05"
"20250819","NDV","KR4101W90007","코스피200 F 202509","0547","202509","1","430.1"
"20250819","NDV","KR4101W90007","코스피200 F 202509","0548","202509","1","430.05"
"20250819","NDV","KR4101W90007","코스피200 F 202509","0549","202509","1","430.05"
"20250819","NDV","KR4101W90007","코스피200 F 202509","0600","202509","1","430.15"
"20250819","NDV","KR4101WC0003","코스피200 F 202512","2051","202512","2","429.9"
"20250819","NDV","KR4101WC0003","코스피200 F 202512","2123","202512","2","430"
"20250819","NDV","KR4101WC0003","코스피200 F 202512","2147","202512","2","429.9"
"20250819","NDV","KR4101WC0003","코스피200 F 202512","2259","202512","2","429.9"
"20250819","NDV","KR4101WC0003","코스피200 F 202512","0124","202512","2","430.75"
"20250819","NDV","KR4101WC0003","코스피200 F 202512","0455","202512","2","431"
"20250819","DRV","KR4101W90007","코스피200 F 202509","0845","202509","1","431.2"
"20250819","DRV","KR4101W90007","코스피200 F 202509","0846","202509","1","431.55"
"20250819","DRV","KR4101W90007","코스피200 F 202509","0847","202509","1","431.6"
"20250819","DRV","KR4101W90007","코스피200 F 202509","0848","202509","1","431.55"
"20250819","DRV","KR4101W90007","코스피200 F 202509","0849","202509","1","431.7"
"20250819","DRV","KR4101W90007","코스피200 F 202509","0850","202509","1","431.6"
"20250819","DRV","KR4101W90007","코스피200 F 202509","0851","202509","1","431.3"
"20250819","DRV","KR4101W90007","코스피200 F 202509","0852","202509","1","431.2"
"20250819","DRV","KR4101W90007","코스피200 F 202509","0853","202509","1","431.2"
"20250819","DRV","KR4101W90007","코스피200 F 202509","0854","202509","1","431.3"
"20250819","DRV","KR4101W90007","코스피200 F 202509","0855","202509","1","431.1"
"20250819","DRV","KR4101W90007","코스피200 F 202509","0856","202509","1","431.05"
"20250819","DRV","KR4101W90007","코스피200 F 202509","0857","202509","1","431.35"
"20250819","DRV","KR4101W90007","코스피200 F 202509","0858","202509","1","431.3"
"20250819","DRV","KR4101W90007","코스피200 F 202509","0859","202509","1","430.85"
"20250819","DRV","KR4101W90007","코스피200 F 202509","0900","202509","1","430.45"
"20250819","DRV","KR4101W90007","코스피200 F 202509","0901","202509","1","430.25"
"20250819","DRV","KR4101W90007","코스피200 F 202509","0902","202509","1","430.55"
"20250819","DRV","KR4101W90007","코스피200 F 202509","0903","202509","1","430.3"
"20250819","DRV","KR4101W90007","코스피200 F 202509","0904","202509","1","430.05"
"20250819","DRV","KR4101W90007","코스피200 F 202509","0905","202509","1","429.3"
"20250819","DRV","KR4101W90007","코스피200 F 202509","0906","202509","1","428.7"
"20250819","DRV","KR4101W90007","코스피200 F 202509","0907","202509","1","429.1"
"20250819","DRV","KR4101W90007","코스피200 F 202509","0908","202509","1","429.05"
"20250819","DRV","KR4101W90007","코스피200 F 202509","0909","202509","1","428.8"
"20250819","DRV","KR4101W90007","코스피200 F 202509","0910","202509","1","428.9"
"20250819","DRV","KR4101W90007","코스피200 F 202509","0911","202509","1","429.1"
"20250819","DRV","KR4101W90007","코스피200 F 202509","0912","202509","1","428.5"
"20250819","DRV","KR4101W90007","코스피200 F 202509","0913","202509","1","428.5"
"20250819","DRV","KR4101W90007","코스피200 F 202509","0914","202509","1","428.5"
"20250819","DRV","KR4101W90007","코스피200 F 202509","0915","202509","1","428.6"
"20250819","DRV","KR4101W90007","코스피200 F 202509","0916","202509","1","428.5"
"20250819","DRV","KR4101W90007","코스피200 F 202509","0917","202509","1","428.4"
"20250819","DRV","KR4101W90007","코스피200 F 202509","0918","202509","1","428"
"20250819","DRV","KR4101W90007","코스피200 F 202509","0919","202509","1","427.5"
"20250819","DRV","KR4101W90007","코스피200 F 202509","0920","202509","1","427.45"
"20250819","DRV","KR4101W90007","코스피200 F 202509","0921","202509","1","427.65"
"20250819","DRV","KR4101W90007","코스피200 F 202509","0922","202509","1","427.5"
"20250819","DRV","KR4101W90007","코스피200 F 202509","0923","202509","1","427.4"
"20250819","DRV","KR4101W90007","코스피200 F 202509","0924","202509","1","427.2"
"20250819","DRV","KR4101W90007","코스피200 F 202509","0925","202509","1","426.75"
"20250819","DRV","KR4101W90007","코스피200 F 202509","0926","202509","1","426.7"
"20250819","DRV","KR4101W90007","코스피200 F 202509","0927","202509","1","425.85"
"20250819","DRV","KR4101W90007","코스피200 F 202509","0928","202509","1","425.75"
"20250819","DRV","KR4101W90007","코스피200 F 202509","0929","202509","1","425.7"
"20250819","DRV","KR4101W90007","코스피200 F 202509","0930","202509","1","425.95"
"20250819","DRV","KR4101W90007","코스피200 F 202509","0931","202509","1","425.9"
"20250819","DRV","KR4101W90007","코스피200 F 202509","0932","202509","1","426.05"
"20250819","DRV","KR4101W90007","코스피200 F 202509","0933","202509","1","426.25"
"20250819","DRV","KR4101W90007","코스피200 F 202509","0934","202509","1","426"
"20250819","DRV","KR4101W90007","코스피200 F 202509","0935","202509","1","426.2"
"20250819","DRV","KR4101W90007","코스피200 F 202509","0936","202509","1","426.45"
"20250819","DRV","KR4101W90007","코스피200 F 202509","0937","202509","1","426.5"
"20250819","DRV","KR4101W90007","코스피200 F 202509","0938","202509","1","426.9"
"20250819","DRV","KR4101W90007","코스피200 F 202509","0939","202509","1","427.05"
"20250819","DRV","KR4101W90007","코스피200 F 202509","0940","202509","1","426.95"
"20250819","DRV","KR4101W90007","코스피200 F 202509","0941","202509","1","427.3"
"20250819","DRV","KR4101W90007","코스피200 F 202509","0942","202509","1","427.1"
"20250819","DRV","KR4101W90007","코스피200 F 202509","0943","202509","1","427.15"
"20250819","DRV","KR4101W90007","코스피200 F 202509","0944","202509","1","427.6"
"20250819","DRV","KR4101W90007","코스피200 F 202509","0945","202509","1","428.65"
"20250819","DRV","KR4101W90007","코스피200 F 202509","0946","202509","1","429"
"20250819","DRV","KR4101W90007","코스피200 F 202509","0947","202509","1","429.15"
"20250819","DRV","KR4101W90007","코스피200 F 202509","0948","202509","1","429.05"
"20250819","DRV","KR4101W90007","코스피200 F 202509","0949","202509","1","428.9"
"20250819","DRV","KR4101W90007","코스피200 F 202509","0950","202509","1","429.1"
"20250819","DRV","KR4101W90007","코스피200 F 202509","0951","202509","1","429.15"
"20250819","DRV","KR4101W90007","코스피200 F 202509","0952","202509","1","429.25"
"20250819","DRV","KR4101W90007","코스피200 F 202509","0953","202509","1","429.05"
"20250819","DRV","KR4101W90007","코스피200 F 202509","0954","202509","1","429.1"
"20250819","DRV","KR4101W90007","코스피200 F 202509","0955","202509","1","429.4"
"20250819","DRV","KR4101W90007","코스피200 F 202509","0956","202509","1","429.3"
"20250819","DRV","KR4101W90007","코스피200 F 202509","0957","202509","1","429.2"
"20250819","DRV","KR4101W90007","코스피200 F 202509","0958","202509","1","429.35"
"20250819","DRV","KR4101W90007","코스피200 F 202509","0959","202509","1","429.3"
"20250819","DRV","KR4101W90007","코스피200 F 202509","1000","202509","1","429.15"
"20250819","DRV","KR4101W90007","코스피200 F 202509","1001","202509","1","429.35"
"20250819","DRV","KR4101W90007","코스피200 F 202509","1002","202509","1","429.9"
"20250819","DRV","KR4101W90007","코스피200 F 202509","1003","202509","1","429.75"
"20250819","DRV","KR4101W90007","코스피200 F 202509","1004","202509","1","429.45"
"20250819","DRV","KR4101W90007","코스피200 F 202509","1005","202509","1","429.05"
"20250819","DRV","KR4101W90007","코스피200 F 202509","1006","202509","1","429.1"
"20250819","DRV","KR4101W90007","코스피200 F 202509","1007","202509","1","429.45"
"20250819","DRV","KR4101W90007","코스피200 F 202509","1008","202509","1","429.4"
"20250819","DRV","KR4101W90007","코스피200 F 202509","1009","202509","1","429.4"
"20250819","DRV","KR4101W90007","코스피200 F 202509","1010","202509","1","429.5"
"20250819","DRV","KR4101W90007","코스피200 F 202509","1011","202509","1","429.5"
"20250819","DRV","KR4101W90007","코스피200 F 202509","1012","202509","1","429.65"
"20250819","DRV","KR4101W90007","코스피200 F 202509","1013","202509","1","429.65"
"20250819","DRV","KR4101W90007","코스피200 F 202509","1014","202509","1","429.5"
"20250819","DRV","KR4101W90007","코스피200 F 202509","1015","202509","1","429.65"
"20250819","DRV","KR4101W90007","코스피200 F 202509","1016","202509","1","429.8"
"20250819","DRV","KR4101W90007","코스피200 F 202509","1017","202509","1","429.65"
"20250819","DRV","KR4101W90007","코스피200 F 202509","1018","202509","1","429.75"
"20250819","DRV","KR4101W90007","코스피200 F 202509","1019","202509","1","429.55"
"20250819","DRV","KR4101W90007","코스피200 F 202509","1020","202509","1","429.65"
"20250819","DRV","KR4101W90007","코스피200 F 202509","1021","202509","1","429.45"
"20250819","DRV","KR4101W90007","코스피200 F 202509","1022","202509","1","429.55"
"20250819","DRV","KR4101W90007","코스피200 F 202509","1023","202509","1","429.25"
"20250819","DRV","KR4101W90007","코스피200 F 202509","1024","202509","1","429.45"
"20250819","DRV","KR4101W90007","코스피200 F 202509","1025","202509","1","429.55"
"20250819","DRV","KR4101W90007","코스피200 F 202509","1026","202509","1","429.15"
"20250819","DRV","KR4101W90007","코스피200 F 202509","1027","202509","1","429.15"
"20250819","DRV","KR4101W90007","코스피200 F 202509","1028","202509","1","429"
"20250819","DRV","KR4101W90007","코스피200 F 202509","1029","202509","1","428.8"
"20250819","DRV","KR4101W90007","코스피200 F 202509","1030","202509","1","428.8"
"20250819","DRV","KR4101W90007","코스피200 F 202509","1031","202509","1","428.85"
"20250819","DRV","KR4101W90007","코스피200 F 202509","1032","202509","1","428.8"
"20250819","DRV","KR4101W90007","코스피200 F 202509","1033","202509","1","428.35"
"20250819","DRV","KR4101W90007","코스피200 F 202509","1034","202509","1","428.4"
"20250819","DRV","KR4101W90007","코스피200 F 202509","1035","202509","1","428.4"
"20250819","DRV","KR4101W90007","코스피200 F 202509","1036","202509","1","428.5"
"20250819","DRV","KR4101W90007","코스피200 F 202509","1037","202509","1","428.45"
"20250819","DRV","KR4101W90007","코스피200 F 202509","1038","202509","1","428.35"
"20250819","DRV","KR4101W90007","코스피200 F 202509","1039","202509","1","428.3"
"20250819","DRV","KR4101W90007","코스피200 F 202509","1040","202509","1","428.5"
"20250819","DRV","KR4101W90007","코스피200 F 202509","1041","202509","1","428.45"
"20250819","DRV","KR4101W90007","코스피200 F 202509","1042","202509","1","428.55"
"20250819","DRV","KR4101W90007","코스피200 F 202509","1043","202509","1","428.45"
"20250819","DRV","KR4101W90007","코스피200 F 202509","1044","202509","1","428.5"
"20250819","DRV","KR4101W90007","코스피200 F 202509","1045","202509","1","428.4"
"20250819","DRV","KR4101W90007","코스피200 F 202509","1046","202509","1","428.25"
"20250819","DRV","KR4101W90007","코스피200 F 202509","1047","202509","1","428"
"20250819","DRV","KR4101W90007","코스피200 F 202509","1048","202509","1","428.1"
"20250819","DRV","KR4101W90007","코스피200 F 202509","1049","202509","1","428.15"
"20250819","DRV","KR4101W90007","코스피200 F 202509","1050","202509","1","428"
"20250819","DRV","KR4101W90007","코스피200 F 202509","1051","202509","1","428.4"
"20250819","DRV","KR4101W90007","코스피200 F 202509","1052","202509","1","428.35"
"20250819","DRV","KR4101W90007","코스피200 F 202509","1053","202509","1","428.05"
"20250819","DRV","KR4101W90007","코스피200 F 202509","1054","202509","1","427.85"
"20250819","DRV","KR4101W90007","코스피200 F 202509","1055","202509","1","428.05"
"20250819","DRV","KR4101W90007","코스피200 F 202509","1056","202509","1","428.05"
"20250819","DRV","KR4101W90007","코스피200 F 202509","1057","202509","1","428.2"
"20250819","DRV","KR4101W90007","코스피200 F 202509","1058","202509","1","428.35"
"20250819","DRV","KR4101W90007","코스피200 F 202509","1059","202509","1","428.1"
"20250819","DRV","KR4101W90007","코스피200 F 202509","1100","202509","1","428.05"
"20250819","DRV","KR4101W90007","코스피200 F 202509","1101","202509","1","427.9"
"20250819","DRV","KR4101W90007","코스피200 F 202509","1102","202509","1","427.95"
"20250819","DRV","KR4101W90007","코스피200 F 202509","1103","202509","1","427.8"
"20250819","DRV","KR4101W90007","코스피200 F 202509","1104","202509","1","427.9"
"20250819","DRV","KR4101W90007","코스피200 F 202509","1105","202509","1","427.75"
"20250819","DRV","KR4101W90007","코스피200 F 202509","1106","202509","1","427.65"
"20250819","DRV","KR4101W90007","코스피200 F 202509","1107","202509","1","427.9"
"20250819","DRV","KR4101W90007","코스피200 F 202509","1108","202509","1","428.15"
"20250819","DRV","KR4101W90007","코스피200 F 202509","1109","202509","1","427.95"
"20250819","DRV","KR4101W90007","코스피200 F 202509","1110","202509","1","427.95"
"20250819","DRV","KR4101W90007","코스피200 F 202509","1111","202509","1","428.2"
"20250819","DRV","KR4101W90007","코스피200 F 202509","1112","202509","1","428.35"
"20250819","DRV","KR4101W90007","코스피200 F 202509","1113","202509","1","428.45"
"20250819","DRV","KR4101W90007","코스피200 F 202509","1114","202509","1","428.25"
"20250819","DRV","KR4101W90007","코스피200 F 202509","1115","202509","1","428.35"
"20250819","DRV","KR4101W90007","코스피200 F 202509","1116","202509","1","428.4"
"20250819","DRV","KR4101W90007","코스피200 F 202509","1117","202509","1","428.4"
"20250819","DRV","KR4101W90007","코스피200 F 202509","1118","202509","1","428.25"
"20250819","DRV","KR4101W90007","코스피200 F 202509","1119","202509","1","428.25"
"20250819","DRV","KR4101W90007","코스피200 F 202509","1120","202509","1","428.3"
"20250819","DRV","KR4101W90007","코스피200 F 202509","1121","202509","1","428.25"
"20250819","DRV","KR4101W90007","코스피200 F 202509","1122","202509","1","427.95"
"20250819","DRV","KR4101W90007","코스피200 F 202509","1123","202509","1","427.9"
"20250819","DRV","KR4101W90007","코스피200 F 202509","1124","202509","1","427.85"
"20250819","DRV","KR4101W90007","코스피200 F 202509","1125","202509","1","427.65"
"20250819","DRV","KR4101W90007","코스피200 F 202509","1126","202509","1","427.55"
"20250819","DRV","KR4101W90007","코스피200 F 202509","1127","202509","1","427.65"
"20250819","DRV","KR4101W90007","코스피200 F 202509","1128","202509","1","427.65"
"20250819","DRV","KR4101W90007","코스피200 F 202509","1129","202509","1","427.7"
"20250819","DRV","KR4101W90007","코스피200 F 202509","1130","202509","1","427.75"
"20250819","DRV","KR4101W90007","코스피200 F 202509","1131","202509","1","427.65"
"20250819","DRV","KR4101W90007","코스피200 F 202509","1132","202509","1","427.75"
"20250819","DRV","KR4101W90007","코스피200 F 202509","1133","202509","1","427.65"
"20250819","DRV","KR4101W90007","코스피200 F 202509","1134","202509","1","427.6"
"20250819","DRV","KR4101W90007","코스피200 F 202509","1135","202509","1","427.65"
"20250819","DRV","KR4101W90007","코스피200 F 202509","1136","202509","1","427.65"
"20250819","DRV","KR4101W90007","코스피200 F 202509","1137","202509","1","427.85"
"20250819","DRV","KR4101W90007","코스피200 F 202509","1138","202509","1","427.9"
"20250819","DRV","KR4101W90007","코스피200 F 202509","1139","202509","1","428.25"
"20250819","DRV","KR4101W90007","코스피200 F 202509","1140","202509","1","428.45"
"20250819","DRV","KR4101W90007","코스피200 F 202509","1141","202509","1","428.35"
"20250819","DRV","KR4101W90007","코스피200 F 202509","1142","202509","1","428.4"
"20250819","DRV","KR4101W90007","코스피200 F 202509","1143","202509","1","428.3"
"20250819","DRV","KR4101W90007","코스피200 F 202509","1144","202509","1","428.4"
"20250819","DRV","KR4101W90007","코스피200 F 202509","1145","202509","1","428.6"
"20250819","DRV","KR4101W90007","코스피200 F 202509","1146","202509","1","428.35"
"20250819","DRV","KR4101W90007","코스피200 F 202509","1147","202509","1","428.4"
"20250819","DRV","KR4101W90007","코스피200 F 202509","1148","202509","1","428.05"
"20250819","DRV","KR4101W90007","코스피200 F 202509","1149","202509","1","427.9"
"20250819","DRV","KR4101W90007","코스피200 F 202509","1150","202509","1","428.05"
"20250819","DRV","KR4101W90007","코스피200 F 202509","1151","202509","1","428.1"
"20250819","DRV","KR4101W90007","코스피200 F 202509","1152","202509","1","428.15"
"20250819","DRV","KR4101W90007","코스피200 F 202509","1153","202509","1","428.05"
"20250819","DRV","KR4101W90007","코스피200 F 202509","1154","202509","1","428.1"
"20250819","DRV","KR4101W90007","코스피200 F 202509","1155","202509","1","428.05"
"20250819","DRV","KR4101W90007","코스피200 F 202509","1156","202509","1","427.9"
"20250819","DRV","KR4101W90007","코스피200 F 202509","1157","202509","1","427.8"
"20250819","DRV","KR4101W90007","코스피200 F 202509","1158","202509","1","427.8"
"20250819","DRV","KR4101W90007","코스피200 F 202509","1159","202509","1","427.85"
"20250819","DRV","KR4101W90007","코스피200 F 202509","1200","202509","1","427.8"
"20250819","DRV","KR4101W90007","코스피200 F 202509","1201","202509","1","427.8"
"20250819","DRV","KR4101W90007","코스피200 F 202509","1202","202509","1","428"
"20250819","DRV","KR4101W90007","코스피200 F 202509","1203","202509","1","428.1"
"20250819","DRV","KR4101W90007","코스피200 F 202509","1204","202509","1","428.2"
"20250819","DRV","KR4101W90007","코스피200 F 202509","1205","202509","1","428.4"
"20250819","DRV","KR4101W90007","코스피200 F 202509","1206","202509","1","428.25"
"20250819","DRV","KR4101W90007","코스피200 F 202509","1207","202509","1","428.15"
"20250819","DRV","KR4101W90007","코스피200 F 202509","1208","202509","1","428.25"
"20250819","DRV","KR4101W90007","코스피200 F 202509","1209","202509","1","428.25"
"20250819","DRV","KR4101W90007","코스피200 F 202509","1210","202509","1","428.2"
"20250819","DRV","KR4101W90007","코스피200 F 202509","1211","202509","1","428.25"
"20250819","DRV","KR4101W90007","코스피200 F 202509","1212","202509","1","428.5"
"20250819","DRV","KR4101W90007","코스피200 F 202509","1213","202509","1","428.5"
"20250819","DRV","KR4101W90007","코스피200 F 202509","1214","202509","1","428.55"
"20250819","DRV","KR4101W90007","코스피200 F 202509","1215","202509","1","428.55"
"20250819","DRV","KR4101W90007","코스피200 F 202509","1216","202509","1","428.55"
"20250819","DRV","KR4101W90007","코스피200 F 202509","1217","202509","1","428.5"
"20250819","DRV","KR4101W90007","코스피200 F 202509","1218","202509","1","428.5"
"20250819","DRV","KR4101W90007","코스피200 F 202509","1219","202509","1","428.5"
"20250819","DRV","KR4101W90007","코스피200 F 202509","1220","202509","1","428.55"
"20250819","DRV","KR4101W90007","코스피200 F 202509","1221","202509","1","428.65"
"20250819","DRV","KR4101W90007","코스피200 F 202509","1222","202509","1","428.7"
"20250819","DRV","KR4101W90007","코스피200 F 202509","1223","202509","1","429"
"20250819","DRV","KR4101W90007","코스피200 F 202509","1224","202509","1","429.05"
"20250819","DRV","KR4101W90007","코스피200 F 202509","1225","202509","1","429.35"
"20250819","DRV","KR4101W90007","코스피200 F 202509","1226","202509","1","429.3"
"20250819","DRV","KR4101W90007","코스피200 F 202509","1227","202509","1","429.25"
"20250819","DRV","KR4101W90007","코스피200 F 202509","1228","202509","1","429.25"
"20250819","DRV","KR4101W90007","코스피200 F 202509","1229","202509","1","429.25"
"20250819","DRV","KR4101W90007","코스피200 F 202509","1230","202509","1","429.05"
"20250819","DRV","KR4101W90007","코스피200 F 202509","1231","202509","1","428.85"
"20250819","DRV","KR4101W90007","코스피200 F 202509","1232","202509","1","428.75"
"20250819","DRV","KR4101W90007","코스피200 F 202509","1233","202509","1","428.8"
"20250819","DRV","KR4101W90007","코스피200 F 202509","1234","202509","1","428.75"
"20250819","DRV","KR4101W90007","코스피200 F 202509","1235","202509","1","428.65"
"20250819","DRV","KR4101W90007","코스피200 F 202509","1236","202509","1","428.4"
"20250819","DRV","KR4101W90007","코스피200 F 202509","1237","202509","1","428.4"
"20250819","DRV","KR4101W90007","코스피200 F 202509","1238","202509","1","428.3"
"20250819","DRV","KR4101W90007","코스피200 F 202509","1239","202509","1","428.25"
"20250819","DRV","KR4101W90007","코스피200 F 202509","1240","202509","1","428.35"
"20250819","DRV","KR4101W90007","코스피200 F 202509","1241","202509","1","428.6"
"20250819","DRV","KR4101W90007","코스피200 F 202509","1242","202509","1","428.6"
"20250819","DRV","KR4101W90007","코스피200 F 202509","1243","202509","1","428.65"
"20250819","DRV","KR4101W90007","코스피200 F 202509","1244","202509","1","428.6"
"20250819","DRV","KR4101W90007","코스피200 F 202509","1245","202509","1","428.65"
"20250819","DRV","KR4101W90007","코스피200 F 202509","1246","202509","1","428.65"
"20250819","DRV","KR4101W90007","코스피200 F 202509","1247","202509","1","428.7"
"20250819","DRV","KR4101W90007","코스피200 F 202509","1248","202509","1","428.65"
"20250819","DRV","KR4101W90007","코스피200 F 202509","1249","202509","1","428.7"
"20250819","DRV","KR4101W90007","코스피200 F 202509","1250","202509","1","428.65"
"20250819","DRV","KR4101W90007","코스피200 F 202509","1251","202509","1","428.75"
"20250819","DRV","KR4101W90007","코스피200 F 202509","1252","202509","1","428.95"
"20250819","DRV","KR4101W90007","코스피200 F 202509","1253","202509","1","428.95"
"20250819","DRV","KR4101W90007","코스피200 F 202509","1254","202509","1","428.95"
"20250819","DRV","KR4101W90007","코스피200 F 202509","1255","202509","1","428.9"
"20250819","DRV","KR4101W90007","코스피200 F 202509","1256","202509","1","428.9"
"20250819","DRV","KR4101W90007","코스피200 F 202509","1257","202509","1","428.85"
"20250819","DRV","KR4101W90007","코스피200 F 202509","1258","202509","1","428.85"
"20250819","DRV","KR4101W90007","코스피200 F 202509","1259","202509","1","428.8"
"20250819","DRV","KR4101W90007","코스피200 F 202509","1300","202509","1","428.55"
"20250819","DRV","KR4101W90007","코스피200 F 202509","1301","202509","1","428.7"
"20250819","DRV","KR4101W90007","코스피200 F 202509","1302","202509","1","428.85"
"20250819","DRV","KR4101W90007","코스피200 F 202509","1303","202509","1","428.55"
"20250819","DRV","KR4101W90007","코스피200 F 202509","1304","202509","1","428.55"
"20250819","DRV","KR4101W90007","코스피200 F 202509","1305","202509","1","428.4"
"20250819","DRV","KR4101W90007","코스피200 F 202509","1306","202509","1","428.35"
"20250819","DRV","KR4101W90007","코스피200 F 202509","1307","202509","1","428.45"
"20250819","DRV","KR4101W90007","코스피200 F 202509","1308","202509","1","428.5"
"20250819","DRV","KR4101W90007","코스피200 F 202509","1309","202509","1","428.6"
"20250819","DRV","KR4101W90007","코스피200 F 202509","1310","202509","1","428.55"
"20250819","DRV","KR4101W90007","코스피200 F 202509","1311","202509","1","428.6"
"20250819","DRV","KR4101W90007","코스피200 F 202509","1312","202509","1","428.65"
"20250819","DRV","KR4101W90007","코스피200 F 202509","1313","202509","1","428.55"
"20250819","DRV","KR4101W90007","코스피200 F 202509","1314","202509","1","428.65"
"20250819","DRV","KR4101W90007","코스피200 F 202509","1315","202509","1","428.3"
"20250819","DRV","KR4101W90007","코스피200 F 202509","1316","202509","1","427.9"
"20250819","DRV","KR4101W90007","코스피200 F 202509","1317","202509","1","427.95"
"20250819","DRV","KR4101W90007","코스피200 F 202509","1318","202509","1","428.2"
"20250819","DRV","KR4101W90007","코스피200 F 202509","1319","202509","1","428.35"
"20250819","DRV","KR4101W90007","코스피200 F 202509","1320","202509","1","428.45"
"20250819","DRV","KR4101W90007","코스피200 F 202509","1321","202509","1","428.3"
"20250819","DRV","KR4101W90007","코스피200 F 202509","1322","202509","1","428.25"
"20250819","DRV","KR4101W90007","코스피200 F 202509","1323","202509","1","428.35"
"20250819","DRV","KR4101W90007","코스피200 F 202509","1324","202509","1","428.25"
"20250819","DRV","KR4101W90007","코스피200 F 202509","1325","202509","1","428.2"
"20250819","DRV","KR4101W90007","코스피200 F 202509","1326","202509","1","428.2"
"20250819","DRV","KR4101W90007","코스피200 F 202509","1327","202509","1","428.2"
"20250819","DRV","KR4101W90007","코스피200 F 202509","1328","202509","1","428.2"
"20250819","DRV","KR4101W90007","코스피200 F 202509","1329","202509","1","428.2"
"20250819","DRV","KR4101W90007","코스피200 F 202509","1330","202509","1","428.35"
"20250819","DRV","KR4101W90007","코스피200 F 202509","1331","202509","1","428.4"
"20250819","DRV","KR4101W90007","코스피200 F 202509","1332","202509","1","428.2"
"20250819","DRV","KR4101W90007","코스피200 F 202509","1333","202509","1","428.2"
"20250819","DRV","KR4101W90007","코스피200 F 202509","1334","202509","1","428.25"
"20250819","DRV","KR4101W90007","코스피200 F 202509","1335","202509","1","428.4"
"20250819","DRV","KR4101W90007","코스피200 F 202509","1336","202509","1","428.4"
"20250819","DRV","KR4101W90007","코스피200 F 202509","1337","202509","1","428.2"
"20250819","DRV","KR4101W90007","코스피200 F 202509","1338","202509","1","427.9"
"20250819","DRV","KR4101W90007","코스피200 F 202509","1339","202509","1","427.9"
"20250819","DRV","KR4101W90007","코스피200 F 202509","1340","202509","1","427.9"
"20250819","DRV","KR4101W90007","코스피200 F 202509","1341","202509","1","427.85"
"20250819","DRV","KR4101W90007","코스피200 F 202509","1342","202509","1","427.95"
"20250819","DRV","KR4101W90007","코스피200 F 202509","1343","202509","1","427.8"
"20250819","DRV","KR4101W90007","코스피200 F 202509","1344","202509","1","427.85"
"20250819","DRV","KR4101W90007","코스피200 F 202509","1345","202509","1","427.9"
"20250819","DRV","KR4101W90007","코스피200 F 202509","1346","202509","1","427.9"
"20250819","DRV","KR4101W90007","코스피200 F 202509","1347","202509","1","427.75"
"20250819","DRV","KR4101W90007","코스피200 F 202509","1348","202509","1","427.55"
"20250819","DRV","KR4101W90007","코스피200 F 202509","1349","202509","1","427.45"
"20250819","DRV","KR4101W90007","코스피200 F 202509","1350","202509","1","427.5"
"20250819","DRV","KR4101W90007","코스피200 F 202509","1351","202509","1","427.65"
"20250819","DRV","KR4101W90007","코스피200 F 202509","1352","202509","1","427.85"
"20250819","DRV","KR4101W90007","코스피200 F 202509","1353","202509","1","427.85"
"20250819","DRV","KR4101W90007","코스피200 F 202509","1354","202509","1","427.75"
"20250819","DRV","KR4101W90007","코스피200 F 202509","1355","202509","1","427.55"
"20250819","DRV","KR4101W90007","코스피200 F 202509","1356","202509","1","427.6"
"20250819","DRV","KR4101W90007","코스피200 F 202509","1357","202509","1","427.6"
"20250819","DRV","KR4101W90007","코스피200 F 202509","1358","202509","1","427.55"
"20250819","DRV","KR4101W90007","코스피200 F 202509","1359","202509","1","427.55"
"20250819","DRV","KR4101W90007","코스피200 F 202509","1400","202509","1","427.75"
"20250819","DRV","KR4101W90007","코스피200 F 202509","1401","202509","1","427.8"
"20250819","DRV","KR4101W90007","코스피200 F 202509","1402","202509","1","427.8"
"20250819","DRV","KR4101W90007","코스피200 F 202509","1403","202509","1","427.65"
"20250819","DRV","KR4101W90007","코스피200 F 202509","1404","202509","1","427.75"
"20250819","DRV","KR4101W90007","코스피200 F 202509","1405","202509","1","427.55"
"20250819","DRV","KR4101W90007","코스피200 F 202509","1406","202509","1","427.5"
"20250819","DRV","KR4101W90007","코스피200 F 202509","1407","202509","1","427.55"
"20250819","DRV","KR4101W90007","코스피200 F 202509","1408","202509","1","427.4"
"20250819","DRV","KR4101W90007","코스피200 F 202509","1409","202509","1","427.35"
"20250819","DRV","KR4101W90007","코스피200 F 202509","1410","202509","1","427.2"
"20250819","DRV","KR4101W90007","코스피200 F 202509","1411","202509","1","427.15"
"20250819","DRV","KR4101W90007","코스피200 F 202509","1412","202509","1","427.25"
"20250819","DRV","KR4101W90007","코스피200 F 202509","1413","202509","1","427.2"
"20250819","DRV","KR4101W90007","코스피200 F 202509","1414","202509","1","427.3"
"20250819","DRV","KR4101W90007","코스피200 F 202509","1415","202509","1","427.45"
"20250819","DRV","KR4101W90007","코스피200 F 202509","1416","202509","1","427.5"
"20250819","DRV","KR4101W90007","코스피200 F 202509","1417","202509","1","427.5"
"20250819","DRV","KR4101W90007","코스피200 F 202509","1418","202509","1","427.4"
"20250819","DRV","KR4101W90007","코스피200 F 202509","1419","202509","1","427.3"
"20250819","DRV","KR4101W90007","코스피200 F 202509","1420","202509","1","427.1"
"20250819","DRV","KR4101W90007","코스피200 F 202509","1421","202509","1","427"
"20250819","DRV","KR4101W90007","코스피200 F 202509","1422","202509","1","426.95"
"20250819","DRV","KR4101W90007","코스피200 F 202509","1423","202509","1","426.75"
"20250819","DRV","KR4101W90007","코스피200 F 202509","1424","202509","1","426.85"
"20250819","DRV","KR4101W90007","코스피200 F 202509","1425","202509","1","426.8"
"20250819","DRV","KR4101W90007","코스피200 F 202509","1426","202509","1","426.9"
"20250819","DRV","KR4101W90007","코스피200 F 202509","1427","202509","1","426.75"
"20250819","DRV","KR4101W90007","코스피200 F 202509","1428","202509","1","426.8"
"20250819","DRV","KR4101W90007","코스피200 F 202509","1429","202509","1","426.65"
"20250819","DRV","KR4101W90007","코스피200 F 202509","1430","202509","1","426.5"
"20250819","DRV","KR4101W90007","코스피200 F 202509","1431","202509","1","426.65"
"20250819","DRV","KR4101W90007","코스피200 F 202509","1432","202509","1","426.6"
"20250819","DRV","KR4101W90007","코스피200 F 202509","1433","202509","1","426.65"
"20250819","DRV","KR4101W90007","코스피200 F 202509","1434","202509","1","426.55"
"20250819","DRV","KR4101W90007","코스피200 F 202509","1435","202509","1","426.6"
"20250819","DRV","KR4101W90007","코스피200 F 202509","1436","202509","1","426.4"
"20250819","DRV","KR4101W90007","코스피200 F 202509","1437","202509","1","426.5"
"20250819","DRV","KR4101W90007","코스피200 F 202509","1438","202509","1","426.45"
"20250819","DRV","KR4101W90007","코스피200 F 202509","1439","202509","1","426.5"
"20250819","DRV","KR4101W90007","코스피200 F 202509","1440","202509","1","426.45"
"20250819","DRV","KR4101W90007","코스피200 F 202509","1441","202509","1","426.5"
"20250819","DRV","KR4101W90007","코스피200 F 202509","1442","202509","1","426.4"
"20250819","DRV","KR4101W90007","코스피200 F 202509","1443","202509","1","426.2"
"20250819","DRV","KR4101W90007","코스피200 F 202509","1444","202509","1","426.25"
"20250819","DRV","KR4101W90007","코스피200 F 202509","1445","202509","1","426.05"
"20250819","DRV","KR4101W90007","코스피200 F 202509","1446","202509","1","426.05"
"20250819","DRV","KR4101W90007","코스피200 F 202509","1447","202509","1","425.9"
"20250819","DRV","KR4101W90007","코스피200 F 202509","1448","202509","1","426"
"20250819","DRV","KR4101W90007","코스피200 F 202509","1449","202509","1","426.05"
"20250819","DRV","KR4101W90007","코스피200 F 202509","1450","202509","1","425.95"
"20250819","DRV","KR4101W90007","코스피200 F 202509","1451","202509","1","425.75"
"20250819","DRV","KR4101W90007","코스피200 F 202509","1452","202509","1","425.55"
"20250819","DRV","KR4101W90007","코스피200 F 202509","1453","202509","1","425.55"
"20250819","DRV","KR4101W90007","코스피200 F 202509","1454","202509","1","425.6"
"20250819","DRV","KR4101W90007","코스피200 F 202509","1455","202509","1","425.6"
"20250819","DRV","KR4101W90007","코스피200 F 202509","1456","202509","1","425.5"
"20250819","DRV","KR4101W90007","코스피200 F 202509","1457","202509","1","425.5"
"20250819","DRV","KR4101W90007","코스피200 F 202509","1458","202509","1","425.5"
"20250819","DRV","KR4101W90007","코스피200 F 202509","1459","202509","1","425.55"
"20250819","DRV","KR4101W90007","코스피200 F 202509","1500","202509","1","425.75"
"20250819","DRV","KR4101W90007","코스피200 F 202509","1501","202509","1","425.9"
"20250819","DRV","KR4101W90007","코스피200 F 202509","1502","202509","1","426.05"
"20250819","DRV","KR4101W90007","코스피200 F 202509","1503","202509","1","425.9"
"20250819","DRV","KR4101W90007","코스피200 F 202509","1504","202509","1","425.85"
"20250819","DRV","KR4101W90007","코스피200 F 202509","1505","202509","1","425.75"
"20250819","DRV","KR4101W90007","코스피200 F 202509","1506","202509","1","425.7"
"20250819","DRV","KR4101W90007","코스피200 F 202509","1507","202509","1","425.7"
"20250819","DRV","KR4101W90007","코스피200 F 202509","1508","202509","1","425.7"
"20250819","DRV","KR4101W90007","코스피200 F 202509","1509","202509","1","425.85"
"20250819","DRV","KR4101W90007","코스피200 F 202509","1510","202509","1","425.8"
"20250819","DRV","KR4101W90007","코스피200 F 202509","1511","202509","1","425.75"
"20250819","DRV","KR4101W90007","코스피200 F 202509","1512","202509","1","425.9"
"20250819","DRV","KR4101W90007","코스피200 F 202509","1513","202509","1","425.9"
"20250819","DRV","KR4101W90007","코스피200 F 202509","1514","202509","1","425.55"
"20250819","DRV","KR4101W90007","코스피200 F 202509","1515","202509","1","425.8"
"20250819","DRV","KR4101W90007","코스피200 F 202509","1516","202509","1","425.8"
"20250819","DRV","KR4101W90007","코스피200 F 202509","1517","202509","1","426.05"
"20250819","DRV","KR4101W90007","코스피200 F 202509","1518","202509","1","426"
"20250819","DRV","KR4101W90007","코스피200 F 202509","1519","202509","1","426.05"
"20250819","DRV","KR4101W90007","코스피200 F 202509","1520","202509","1","426.1"
"20250819","DRV","KR4101W90007","코스피200 F 202509","1521","202509","1","426.25"
"20250819","DRV","KR4101W90007","코스피200 F 202509","1522","202509","1","426.3"
"20250819","DRV","KR4101W90007","코스피200 F 202509","1523","202509","1","426.15"
"20250819","DRV","KR4101W90007","코스피200 F 202509","1524","202509","1","426.3"
"20250819","DRV","KR4101W90007","코스피200 F 202509","1525","202509","1","426.25"
"20250819","DRV","KR4101W90007","코스피200 F 202509","1526","202509","1","426.2"
"20250819","DRV","KR4101W90007","코스피200 F 202509","1527","202509","1","426.15"
"20250819","DRV","KR4101W90007","코스피200 F 202509","1528","202509","1","426.2"
"20250819","DRV","KR4101W90007","코스피200 F 202509","1529","202509","1","426.3"
"20250819","DRV","KR4101W90007","코스피200 F 202509","1530","202509","1","426.5"
"20250819","DRV","KR4101W90007","코스피200 F 202509","1531","202509","1","426.5"
"20250819","DRV","KR4101W90007","코스피200 F 202509","1532","202509","1","426.5"
"20250819","DRV","KR4101W90007","코스피200 F 202509","1533","202509","1","426.6"
"20250819","DRV","KR4101W90007","코스피200 F 202509","1534","202509","1","426.5"
"20250819","DRV","KR4101W90007","코스피200 F 202509","1535","202509","1",
"20250819","DRV","KR4101W90007","코스피200 F 202509","1538","202509","1",
"20250819","DRV","KR4101W90007","코스피200 F 202509","1541","202509","1",
"20250819","DRV","KR4101W90007","코스피200 F 202509","1545","202509","1","426.45"
"20250819","DRV","KR4101WC0003","코스피200 F 202512","0845","202512","2","432"
"20250819","DRV","KR4101WC0003","코스피200 F 202512","0846","202512","2","432.65"
"20250819","DRV","KR4101WC0003","코스피200 F 202512","0847","202512","2","432.65"
"20250819","DRV","KR4101WC0003","코스피200 F 202512","0848","202512","2","432.6"
"20250819","DRV","KR4101WC0003","코스피200 F 202512","0849","202512","2","432.7"
"20250819","DRV","KR4101WC0003","코스피200 F 202512","0850","202512","2","432.7"
"20250819","DRV","KR4101WC0003","코스피200 F 202512","0854","202512","2","432.35"
"20250819","DRV","KR4101WC0003","코스피200 F 202512","0858","202512","2","432.45"
"20250819","DRV","KR4101WC0003","코스피200 F 202512","0859","202512","2","431.9"
"20250819","DRV","KR4101WC0003","코스피200 F 202512","0900","202512","2","431.6"
"20250819","DRV","KR4101WC0003","코스피200 F 202512","0901","202512","2","431.2"
"20250819","DRV","KR4101WC0003","코스피200 F 202512","0902","202512","2","431.4"
"20250819","DRV","KR4101WC0003","코스피200 F 202512","0903","202512","2","431.35"
"20250819","DRV","KR4101WC0003","코스피200 F 202512","0904","202512","2","431.45"
"20250819","DRV","KR4101WC0003","코스피200 F 202512","0905","202512","2","430.45"
"20250819","DRV","KR4101WC0003","코스피200 F 202512","0906","202512","2","430"
"20250819","DRV","KR4101WC0003","코스피200 F 202512","0907","202512","2","430.2"
"20250819","DRV","KR4101WC0003","코스피200 F 202512","0908","202512","2","430.25"
"20250819","DRV","KR4101WC0003","코스피200 F 202512","0912","202512","2","429.6"
"20250819","DRV","KR4101WC0003","코스피200 F 202512","0913","202512","2","429.5"
"20250819","DRV","KR4101WC0003","코스피200 F 202512","0914","202512","2","429.4"
"20250819","DRV","KR4101WC0003","코스피200 F 202512","0915","202512","2","429.7"
"20250819","DRV","KR4101WC0003","코스피200 F 202512","0918","202512","2","428.9"
"20250819","DRV","KR4101WC0003","코스피200 F 202512","0919","202512","2","428.55"
"20250819","DRV","KR4101WC0003","코스피200 F 202512","0920","202512","2","428.45"
"20250819","DRV","KR4101WC0003","코스피200 F 202512","0921","202512","2","428.7"
"20250819","DRV","KR4101WC0003","코스피200 F 202512","0923","202512","2","428.45"
"20250819","DRV","KR4101WC0003","코스피200 F 202512","0924","202512","2","428.15"
"20250819","DRV","KR4101WC0003","코스피200 F 202512","0925","202512","2","428.05"
"20250819","DRV","KR4101WC0003","코스피200 F 202512","0926","202512","2","427.7"
"20250819","DRV","KR4101WC0003","코스피200 F 202512","0927","202512","2","427"
"20250819","DRV","KR4101WC0003","코스피200 F 202512","0928","202512","2","426.75"
"20250819","DRV","KR4101WC0003","코스피200 F 202512","0929","202512","2","426.75"
"20250819","DRV","KR4101WC0003","코스피200 F 202512","0931","202512","2","426.9"
"20250819","DRV","KR4101WC0003","코스피200 F 202512","0932","202512","2","427.3"
"20250819","DRV","KR4101WC0003","코스피200 F 202512","0933","202512","2","427.3"
"20250819","DRV","KR4101WC0003","코스피200 F 202512","0934","202512","2","427"
"20250819","DRV","KR4101WC0003","코스피200 F 202512","0935","202512","2","427"
"20250819","DRV","KR4101WC0003","코스피200 F 202512","0936","202512","2","427.35"
"20250819","DRV","KR4101WC0003","코스피200 F 202512","0937","202512","2","427.35"
"20250819","DRV","KR4101WC0003","코스피200 F 202512","0938","202512","2","427.8"
"20250819","DRV","KR4101WC0003","코스피200 F 202512","0939","202512","2","428.05"
"20250819","DRV","KR4101WC0003","코스피200 F 202512","0940","202512","2","428.05"
"20250819","DRV","KR4101WC0003","코스피200 F 202512","0941","202512","2","428.2"
"20250819","DRV","KR4101WC0003","코스피200 F 202512","0943","202512","2","428.1"
"20250819","DRV","KR4101WC0003","코스피200 F 202512","0944","202512","2","428.4"
"20250819","DRV","KR4101WC0003","코스피200 F 202512","0945","202512","2","429.45"
"20250819","DRV","KR4101WC0003","코스피200 F 202512","0946","202512","2","430"
"20250819","DRV","KR4101WC0003","코스피200 F 202512","0947","202512","2","430.1"
"20250819","DRV","KR4101WC0003","코스피200 F 202512","0948","202512","2","430.05"
"20250819","DRV","KR4101WC0003","코스피200 F 202512","0949","202512","2","429.9"
"20250819","DRV","KR4101WC0003","코스피200 F 202512","0951","202512","2","430.25"
"20250819","DRV","KR4101WC0003","코스피200 F 202512","0953","202512","2","430.25"
"20250819","DRV","KR4101WC0003","코스피200 F 202512","0955","202512","2","430.5"
"20250819","DRV","KR4101WC0003","코스피200 F 202512","1002","202512","2","431"
"20250819","DRV","KR4101WC0003","코스피200 F 202512","1003","202512","2","431"
"20250819","DRV","KR4101WC0003","코스피200 F 202512","1007","202512","2","430.3"
"20250819","DRV","KR4101WC0003","코스피200 F 202512","1008","202512","2","430.3"
"20250819","DRV","KR4101WC0003","코스피200 F 202512","1009","202512","2","430.35"
"20250819","DRV","KR4101WC0003","코스피200 F 202512","1010","202512","2","430.5"
"20250819","DRV","KR4101WC0003","코스피200 F 202512","1011","202512","2","430.35"
"20250819","DRV","KR4101WC0003","코스피200 F 202512","1040","202512","2","429.65"
"20250819","DRV","KR4101WC0003","코스피200 F 202512","1045","202512","2","429.45"
"20250819","DRV","KR4101WC0003","코스피200 F 202512","1047","202512","2","429"
"20250819","DRV","KR4101WC0003","코스피200 F 202512","1048","202512","2","429.1"
"20250819","DRV","KR4101WC0003","코스피200 F 202512","1049","202512","2","429.1"
"20250819","DRV","KR4101WC0003","코스피200 F 202512","1050","202512","2","429"
"20250819","DRV","KR4101WC0003","코스피200 F 202512","1055","202512","2","429"
"20250819","DRV","KR4101WC0003","코스피200 F 202512","1108","202512","2","429"
"20250819","DRV","KR4101WC0003","코스피200 F 202512","1111","202512","2","429.1"
"20250819","DRV","KR4101WC0003","코스피200 F 202512","1113","202512","2","429.5"
"20250819","DRV","KR4101WC0003","코스피200 F 202512","1116","202512","2","429.3"
"20250819","DRV","KR4101WC0003","코스피200 F 202512","1119","202512","2","429.2"
"20250819","DRV","KR4101WC0003","코스피200 F 202512","1123","202512","2","428.8"
"20250819","DRV","KR4101WC0003","코스피200 F 202512","1126","202512","2","428.5"
"20250819","DRV","KR4101WC0003","코스피200 F 202512","1127","202512","2","428.6"
"20250819","DRV","KR4101WC0003","코스피200 F 202512","1131","202512","2","428.65"
"20250819","DRV","KR4101WC0003","코스피200 F 202512","1138","202512","2","428.9"
"20250819","DRV","KR4101WC0003","코스피200 F 202512","1139","202512","2","429.05"
"20250819","DRV","KR4101WC0003","코스피200 F 202512","1141","202512","2","429.3"
"20250819","DRV","KR4101WC0003","코스피200 F 202512","1152","202512","2","429.05"
"20250819","DRV","KR4101WC0003","코스피200 F 202512","1154","202512","2","429.05"
"20250819","DRV","KR4101WC0003","코스피200 F 202512","1203","202512","2","429"
"20250819","DRV","KR4101WC0003","코스피200 F 202512","1204","202512","2","429.1"
"20250819","DRV","KR4101WC0003","코스피200 F 202512","1205","202512","2","429.5"
"20250819","DRV","KR4101WC0003","코스피200 F 202512","1206","202512","2","429.3"
"20250819","DRV","KR4101WC0003","코스피200 F 202512","1220","202512","2","429.5"
"20250819","DRV","KR4101WC0003","코스피200 F 202512","1224","202512","2","430"
"20250819","DRV","KR4101WC0003","코스피200 F 202512","1225","202512","2","430.15"
"20250819","DRV","KR4101WC0003","코스피200 F 202512","1230","202512","2","430.1"
"20250819","DRV","KR4101WC0003","코스피200 F 202512","1238","202512","2","429.3"
"20250819","DRV","KR4101WC0003","코스피200 F 202512","1240","202512","2","429.25"
"20250819","DRV","KR4101WC0003","코스피200 F 202512","1300","202512","2","429.65"
"20250819","DRV","KR4101WC0003","코스피200 F 202512","1318","202512","2","429.15"
"20250819","DRV","KR4101WC0003","코스피200 F 202512","1327","202512","2","429.25"
"20250819","DRV","KR4101WC0003","코스피200 F 202512","1340","202512","2","428.8"
"20250819","DRV","KR4101WC0003","코스피200 F 202512","1342","202512","2","428.9"
"20250819","DRV","KR4101WC0003","코스피200 F 202512","1343","202512","2","428.85"
"20250819","DRV","KR4101WC0003","코스피200 F 202512","1344","202512","2","428.8"
"20250819","DRV","KR4101WC0003","코스피200 F 202512","1345","202512","2","428.8"
"20250819","DRV","KR4101WC0003","코스피200 F 202512","1346","202512","2","428.9"
"20250819","DRV","KR4101WC0003","코스피200 F 202512","1347","202512","2","428.75"
"20250819","DRV","KR4101WC0003","코스피200 F 202512","1348","202512","2","428.5"
"20250819","DRV","KR4101WC0003","코스피200 F 202512","1349","202512","2","428.5"
"20250819","DRV","KR4101WC0003","코스피200 F 202512","1350","202512","2","428.5"
"20250819","DRV","KR4101WC0003","코스피200 F 202512","1351","202512","2","428.6"
"20250819","DRV","KR4101WC0003","코스피200 F 202512","1352","202512","2","428.8"
"20250819","DRV","KR4101WC0003","코스피200 F 202512","1353","202512","2","428.85"
"20250819","DRV","KR4101WC0003","코스피200 F 202512","1354","202512","2","428.8"
"20250819","DRV","KR4101WC0003","코스피200 F 202512","1356","202512","2","428.6"
"20250819","DRV","KR4101WC0003","코스피200 F 202512","1357","202512","2","428.6"
"20250819","DRV","KR4101WC0003","코스피200 F 202512","1359","202512","2","428.5"
"20250819","DRV","KR4101WC0003","코스피200 F 202512","1400","202512","2","428.65"
"20250819","DRV","KR4101WC0003","코스피200 F 202512","1403","202512","2","428.65"
"20250819","DRV","KR4101WC0003","코스피200 F 202512","1405","202512","2","428.6"
"20250819","DRV","KR4101WC0003","코스피200 F 202512","1408","202512","2","428.4"
"20250819","DRV","KR4101WC0003","코스피200 F 202512","1410","202512","2","428.35"
"20250819","DRV","KR4101WC0003","코스피200 F 202512","1414","202512","2","428.25"
"20250819","DRV","KR4101WC0003","코스피200 F 202512","1417","202512","2","428.3"
"20250819","DRV","KR4101WC0003","코스피200 F 202512","1421","202512","2","428"
"20250819","DRV","KR4101WC0003","코스피200 F 202512","1423","202512","2","427.7"
"20250819","DRV","KR4101WC0003","코스피200 F 202512","1424","202512","2","427.8"
"20250819","DRV","KR4101WC0003","코스피200 F 202512","1425","202512","2","427.8"
"20250819","DRV","KR4101WC0003","코스피200 F 202512","1426","202512","2","427.8"
"20250819","DRV","KR4101WC0003","코스피200 F 202512","1431","202512","2","427.6"
"20250819","DRV","KR4101WC0003","코스피200 F 202512","1435","202512","2","427.55"
"20250819","DRV","KR4101WC0003","코스피200 F 202512","1436","202512","2","427.35"
"20250819","DRV","KR4101WC0003","코스피200 F 202512","1441","202512","2","427.35"
"20250819","DRV","KR4101WC0003","코스피200 F 202512","1445","202512","2","427.05"
"20250819","DRV","KR4101WC0003","코스피200 F 202512","1446","202512","2","427"
"20250819","DRV","KR4101WC0003","코스피200 F 202512","1447","202512","2","426.85"
"20250819","DRV","KR4101WC0003","코스피200 F 202512","1448","202512","2","427"
"20250819","DRV","KR4101WC0003","코스피200 F 202512","1450","202512","2","427"
"20250819","DRV","KR4101WC0003","코스피200 F 202512","1451","202512","2","426.7"
"20250819","DRV","KR4101WC0003","코스피200 F 202512","1452","202512","2","426.7"
"20250819","DRV","KR4101WC0003","코스피200 F 202512","1453","202512","2","426.5"
"20250819","DRV","KR4101WC0003","코스피200 F 202512","1454","202512","2","426.65"
"20250819","DRV","KR4101WC0003","코스피200 F 202512","1455","202512","2","426.7"
"20250819","DRV","KR4101WC0003","코스피200 F 202512","1457","202512","2","426.4"
"20250819","DRV","KR4101WC0003","코스피200 F 202512","1459","202512","2","426.55"
"20250819","DRV","KR4101WC0003","코스피200 F 202512","1500","202512","2","426.7"
"20250819","DRV","KR4101WC0003","코스피200 F 202512","1502","202512","2","427"
"20250819","DRV","KR4101WC0003","코스피200 F 202512","1504","202512","2","426.7"
"20250819","DRV","KR4101WC0003","코스피200 F 202512","1511","202512","2",
"20250819","DRV","KR4101WC0003","코스피200 F 202512","1513","202512","2","426.9"
"20250819","DRV","KR4101WC0003","코스피200 F 202512","1514","202512","2","426.6"
"20250819","DRV","KR4101WC0003","코스피200 F 202512","1517","202512","2","427"
"20250819","DRV","KR4101WC0003","코스피200 F 202512","1519","202512","2","427.05"
"20250819","DRV","KR4101WC0003","코스피200 F 202512","1520","202512","2","427"
"20250819","DRV","KR4101WC0003","코스피200 F 202512","1523","202512","2","427.2"
"20250819","DRV","KR4101WC0003","코스피200 F 202512","1529","202512","2","427.2"
"20250819","DRV","KR4101WC0003","코스피200 F 202512","1530","202512","2","427.45"
"20250819","DRV","KR4101WC0003","코스피200 F 202512","1532","202512","2","427.55"
"20250819","DRV","KR4101WC0003","코스피200 F 202512","1534","202512","2","427.55"
"20250819","DRV","KR4101WC0003","코스피200 F 202512","1545","202512","2","427.55"
"20250819","DRV","KR4401W9WCS4","코스피200 SP 2509-2512","0902","202509","1","1"
"20250819","DRV","KR4401W9WCS4","코스피200 SP 2509-2512","0907","202509","1","1.05"
"20250819","DRV","KR4401W9WCS4","코스피200 SP 2509-2512","0928","202509","1","1.05"
"20250819","DRV","KR4401W9WCS4","코스피200 SP 2509-2512","0929","202509","1","1"
"20250819","DRV","KR4401W9WCS4","코스피200 SP 2509-2512","0932","202509","1","1"
"20250819","DRV","KR4401W9WCS4","코스피200 SP 2509-2512","0939","202509","1","1"
"20250819","DRV","KR4401W9WCS4","코스피200 SP 2509-2512","0947","202509","1","1"
"20250819","DRV","KR4401W9WCS4","코스피200 SP 2509-2512","0948","202509","1","1"
"20250819","DRV","KR4401W9WCS4","코스피200 SP 2509-2512","0953","202509","1","1"
"20250819","DRV","KR4401W9WCS4","코스피200 SP 2509-2512","1009","202509","1","1"
"20250819","DRV","KR4401W9WCS4","코스피200 SP 2509-2512","1314","202509","1","1.05"
"20250819","DRV","KR4401W9WCS4","코스피200 SP 2509-2512","1346","202509","1","1"
"20250819","DRV","KR4401W9WCS4","코스피200 SP 2509-2512","1348","202509","1","1"
"20250819","DRV","KR4401W9WCS4","코스피200 SP 2509-2512","1350","202509","1","1"
"20250819","DRV","KR4401W9WCS4","코스피200 SP 2509-2512","1400","202509","1","1"
"20250819","DRV","KR4401W9WCS4","코스피200 SP 2509-2512","1408","202509","1","1"
"20250819","DRV","KR4401W9WCS4","코스피200 SP 2509-2512","1414","202509","1","1"
"20250819","DRV","KR4401W9WCS4","코스피200 SP 2509-2512","1417","202509","1","1"
"20250819","DRV","KR4401W9WCS4","코스피200 SP 2509-2512","1418","202509","1","1"
"20250819","DRV","KR4401W9WCS4","코스피200 SP 2509-2512","1421","202509","1","1"
"20250819","DRV","KR4401W9WCS4","코스피200 SP 2509-2512","1448","202509","1","1"
"20250819","DRV","KR4401W9WCS4","코스피200 SP 2509-2512","1454","202509","1","1"
"20250819","DRV","KR4401W9WCS4","코스피200 SP 2509-2512","1457","202509","1","1"
"20250819","DRV","KR4401W9WCS4","코스피200 SP 2509-2512","1500","202509","1","1"
"20250819","DRV","KR4401W9WCS4","코스피200 SP 2509-2512","1503","202509","1","1"
"20250819","DRV","KR4401W9WCS4","코스피200 SP 2509-2512","1513","202509","1","1"
"20250819","DRV","KR4401W9WCS4","코스피200 SP 2509-2512","1517","202509","1","1"
"20250819","DRV","KR4401W9WCS4","코스피200 SP 2509-2512","1519","202509","1","1"
"20250819","DRV","KR4A01630008","코스피200 F 202603","0926","202603","3","426"
"20250819","DRV","KR4A01630008","코스피200 F 202603","1017","202603","3","435"
"20250819","DRV","KR4A01630008","코스피200 F 202603","1409","202603","3","427"